rms,mean,std,variance,max,min,peak_to_peak,kurtosis,crest_factor,dominant_frequency,spectral_energy,label
0.036934,0.000899,0.036923,0.001363,0.083991,-0.084749,0.16874,1.811753,2.274082,48.83,0.001044,HEALTHY
0.036993,0.000325,0.036991,0.001368,0.082732,-0.084785,0.167518,1.839187,2.236447,48.83,0.001059,HEALTHY
0.036703,-2.6e-05,0.036703,0.001347,0.087349,-0.086348,0.173697,1.86108,2.379902,48.83,0.001039,HEALTHY
0.037573,0.00022,0.037572,0.001412,0.083451,-0.087692,0.171143,1.818887,2.221039,48.83,0.00107,HEALTHY
0.037666,0.00045,0.037663,0.001419,0.08093,-0.079957,0.160888,1.812048,2.148628,48.83,0.001078,HEALTHY
0.03711,0.000318,0.037109,0.001377,0.079492,-0.086106,0.165597,1.825609,2.142022,48.83,0.00106,HEALTHY
0.03706,0.000742,0.037053,0.001373,0.085174,-0.080522,0.165696,1.85275,2.29825,48.83,0.001065,HEALTHY
0.036995,0.000516,0.036992,0.001368,0.081993,-0.087019,0.169011,1.797811,2.216288,48.83,0.00104,HEALTHY
0.037634,0.000858,0.037624,0.001416,0.081952,-0.085328,0.16728,1.788122,2.177596,48.83,0.001092,HEALTHY
0.037246,0.000307,0.037244,0.001387,0.093012,-0.081517,0.174529,1.827841,2.497268,48.83,0.001061,HEALTHY
0.037233,0.000224,0.037233,0.001386,0.080164,-0.086591,0.166754,1.812795,2.153008,48.83,0.001045,HEALTHY
0.036773,0.000357,0.036771,0.001352,0.077544,-0.082051,0.159596,1.795441,2.108722,48.83,0.001051,HEALTHY
0.036793,0.000632,0.036787,0.001353,0.078516,-0.079416,0.157932,1.812021,2.134012,48.83,0.001041,HEALTHY
0.037016,0.000152,0.037015,0.00137,0.08454,-0.078097,0.162637,1.806708,2.283895,48.83,0.001058,HEALTHY
0.036984,0.000326,0.036983,0.001368,0.082505,-0.083479,0.165984,1.845186,2.23082,48.83,0.001049,HEALTHY
0.037083,8.1e-05,0.037083,0.001375,0.085889,-0.085928,0.171817,1.83305,2.316088,48.83,0.001013,HEALTHY
0.037343,0.000366,0.037341,0.001394,0.080868,-0.081491,0.162359,1.839499,2.165554,48.83,0.00107,HEALTHY
0.036908,0.000169,0.036908,0.001362,0.082165,-0.084986,0.16715,1.809919,2.226187,48.83,0.001036,HEALTHY
0.037164,0.000139,0.037164,0.001381,0.078317,-0.082589,0.160906,1.775298,2.107322,48.83,0.001061,HEALTHY
0.036619,0.000863,0.036609,0.00134,0.085439,-0.091278,0.176716,1.826093,2.333177,48.83,0.001026,HEALTHY
0.036945,0.000588,0.03694,0.001365,0.082006,-0.078901,0.160907,1.821202,2.219696,48.83,0.001032,HEALTHY
0.037145,0.000606,0.03714,0.001379,0.075329,-0.089345,0.164674,1.766429,2.02795,48.83,0.001025,HEALTHY
0.03671,0.000322,0.036709,0.001348,0.081081,-0.087011,0.168092,1.831965,2.208679,48.83,0.001024,HEALTHY
0.036644,0.000214,0.036644,0.001343,0.082634,-0.088806,0.171439,1.830652,2.255016,48.83,0.001019,HEALTHY
0.037235,0.000507,0.037231,0.001386,0.07984,-0.085429,0.165268,1.795137,2.144224,48.83,0.001049,HEALTHY
0.036967,0.000583,0.036963,0.001366,0.081169,-0.086493,0.167663,1.783242,2.1957,48.83,0.001043,HEALTHY
0.037153,0.000398,0.037151,0.00138,0.080709,-0.081029,0.161738,1.835925,2.172366,48.83,0.001042,HEALTHY
0.036824,0.000206,0.036823,0.001356,0.081019,-0.077912,0.158931,1.784863,2.200186,48.83,0.001031,HEALTHY
0.036996,0.000352,0.036995,0.001369,0.083017,-0.078977,0.161994,1.817447,2.243938,48.83,0.00103,HEALTHY
0.037089,0.000857,0.037079,0.001375,0.084026,-0.08238,0.166406,1.811413,2.265535,48.83,0.001045,HEALTHY
0.037452,0.000636,0.037446,0.001402,0.091298,-0.087809,0.179107,1.857377,2.437757,48.83,0.001066,HEALTHY
0.037024,0.000763,0.037016,0.00137,0.080446,-0.086504,0.16695,1.800821,2.172798,48.83,0.001047,HEALTHY
0.036853,0.000332,0.036852,0.001358,0.087907,-0.085591,0.173498,1.802492,2.385333,48.83,0.001032,HEALTHY
0.037383,0.000617,0.037378,0.001397,0.085675,-0.077958,0.163633,1.801554,2.291786,48.83,0.001052,HEALTHY
0.037135,-2.9e-05,0.037135,0.001379,0.084442,-0.08383,0.168272,1.817424,2.273921,48.83,0.001053,HEALTHY
0.037195,0.000629,0.03719,0.001383,0.084599,-0.081808,0.166406,1.836962,2.274447,48.83,0.001061,HEALTHY
0.036471,0.000125,0.036471,0.00133,0.082478,-0.093063,0.175541,1.833501,2.261458,48.83,0.000977,HEALTHY
0.037541,0.000428,0.037538,0.001409,0.078493,-0.087452,0.165945,1.836128,2.090874,48.83,0.001057,HEALTHY
0.03742,0.0005,0.037416,0.0014,0.080806,-0.082712,0.163518,1.796338,2.159455,48.83,0.001062,HEALTHY
0.036836,0.000532,0.036832,0.001357,0.079386,-0.078919,0.158305,1.840779,2.155146,48.83,0.001032,HEALTHY
0.037515,0.000526,0.037511,0.001407,0.080992,-0.080298,0.16129,1.801705,2.158938,48.83,0.001082,HEALTHY
0.03738,0.000671,0.037374,0.001397,0.084438,-0.086372,0.17081,1.867592,2.25888,48.83,0.001048,HEALTHY
0.03716,0.000498,0.037156,0.001381,0.088994,-0.082484,0.171478,1.793732,2.394925,48.83,0.001052,HEALTHY
0.037016,0.000334,0.037015,0.00137,0.090861,-0.0813,0.172162,1.788215,2.454631,48.83,0.001066,HEALTHY
0.037185,0.00054,0.037181,0.001382,0.080595,-0.086165,0.16676,1.789552,2.167384,48.83,0.001053,HEALTHY
0.037021,0.000478,0.037018,0.00137,0.082412,-0.091809,0.174221,1.806484,2.226072,48.83,0.001018,HEALTHY
0.037673,0.000419,0.03767,0.001419,0.083641,-0.082162,0.165803,1.792234,2.220204,48.83,0.001076,HEALTHY
0.037134,-7.5e-05,0.037133,0.001379,0.082911,-0.08315,0.166062,1.823592,2.232781,48.83,0.00104,HEALTHY
0.037084,0.00026,0.037083,0.001375,0.089062,-0.082251,0.171313,1.802188,2.401639,48.83,0.001036,HEALTHY
0.036639,0.000499,0.036636,0.001342,0.086976,-0.081212,0.168188,1.825439,2.373839,48.83,0.00102,HEALTHY
0.03697,0.000318,0.036969,0.001367,0.086448,-0.080785,0.167233,1.806041,2.338323,48.83,0.001049,HEALTHY
0.037314,0.000372,0.037312,0.001392,0.076948,-0.088285,0.165232,1.798406,2.062175,48.83,0.001052,HEALTHY
0.037264,0.001017,0.037251,0.001388,0.097468,-0.082754,0.180222,1.821724,2.615583,48.83,0.001067,HEALTHY
0.037121,0.000644,0.037115,0.001378,0.08196,-0.095385,0.177345,1.792122,2.207937,48.83,0.001043,HEALTHY
0.037111,0.00044,0.037109,0.001377,0.076014,-0.080866,0.156881,1.773431,2.048282,48.83,0.001044,HEALTHY
0.036922,0.000578,0.036918,0.001363,0.083242,-0.088096,0.171338,1.833168,2.254526,48.83,0.001018,HEALTHY
0.036976,0.000262,0.036975,0.001367,0.09113,-0.079915,0.171046,1.81797,2.464559,48.83,0.001037,HEALTHY
0.037116,0.00058,0.037112,0.001377,0.086755,-0.08748,0.174235,1.827652,2.337399,48.83,0.001035,HEALTHY
0.036891,0.000191,0.036891,0.001361,0.090645,-0.079119,0.169763,1.831307,2.457072,48.83,0.001025,HEALTHY
0.036992,0.000338,0.036991,0.001368,0.089098,-0.085042,0.17414,1.807264,2.408577,48.83,0.001031,HEALTHY
0.037012,7.5e-05,0.037012,0.00137,0.075658,-0.07413,0.149788,1.758298,2.044166,48.83,0.001053,HEALTHY
0.037342,0.000765,0.037334,0.001394,0.077626,-0.080835,0.15846,1.82291,2.078784,48.83,0.001037,HEALTHY
0.037067,0.000453,0.037064,0.001374,0.0827,-0.07823,0.16093,1.797373,2.231107,48.83,0.001041,HEALTHY
0.037185,0.000206,0.037185,0.001383,0.082221,-0.08481,0.167031,1.820058,2.211104,48.83,0.001063,HEALTHY
0.037386,0.000278,0.037385,0.001398,0.085225,-0.079549,0.164775,1.815993,2.279584,48.83,0.001073,HEALTHY
0.037308,0.000865,0.037298,0.001391,0.079857,-0.085604,0.165461,1.805732,2.140457,48.83,0.001063,HEALTHY
0.037273,0.000465,0.03727,0.001389,0.079231,-0.07846,0.157691,1.804255,2.125707,48.83,0.001072,HEALTHY
0.037371,0.00052,0.037367,0.001396,0.088056,-0.079999,0.168055,1.803179,2.356259,48.83,0.001058,HEALTHY
0.037004,0.000288,0.037002,0.001369,0.077956,-0.07804,0.155996,1.798629,2.106718,48.83,0.001043,HEALTHY
0.03693,0.000258,0.036929,0.001364,0.081071,-0.079562,0.160633,1.805192,2.195242,48.83,0.001056,HEALTHY
0.037383,4.7e-05,0.037383,0.001397,0.080933,-0.080382,0.161316,1.793439,2.164999,48.83,0.001065,HEALTHY
0.036979,0.000438,0.036976,0.001367,0.082885,-0.083799,0.166684,1.828432,2.241433,48.83,0.001033,HEALTHY
0.036968,0.001037,0.036953,0.001366,0.086067,-0.076618,0.162686,1.808946,2.328154,48.83,0.001038,HEALTHY
0.036881,0.000272,0.03688,0.00136,0.078145,-0.081643,0.159787,1.808018,2.118835,48.83,0.00104,HEALTHY
0.036842,0.000321,0.03684,0.001357,0.077483,-0.079581,0.157063,1.802699,2.103122,48.83,0.001038,HEALTHY
0.036765,0.000889,0.036754,0.001351,0.081206,-0.086507,0.167713,1.798836,2.208788,48.83,0.001036,HEALTHY
0.036952,0.000232,0.036951,0.001365,0.097107,-0.083953,0.181059,1.828363,2.627928,48.83,0.001037,HEALTHY
0.036635,0.000386,0.036633,0.001342,0.080137,-0.080611,0.160748,1.783542,2.187426,48.83,0.001043,HEALTHY
0.037087,-9.1e-05,0.037087,0.001375,0.076286,-0.086389,0.162675,1.802276,2.056954,48.83,0.001054,HEALTHY
0.036978,0.000628,0.036972,0.001367,0.084572,-0.087739,0.172311,1.823833,2.287104,48.83,0.001023,HEALTHY
0.036682,0.000276,0.036681,0.001346,0.080294,-0.078692,0.158987,1.837438,2.188898,48.83,0.001024,HEALTHY
0.036707,0.000509,0.036703,0.001347,0.080148,-0.08175,0.161898,1.80502,2.183483,48.83,0.00105,HEALTHY
0.03729,0.000497,0.037287,0.00139,0.084421,-0.078373,0.162794,1.820279,2.263916,48.83,0.00106,HEALTHY
0.037155,0.000436,0.037153,0.00138,0.090532,-0.083953,0.174484,1.839747,2.436576,48.83,0.001041,HEALTHY
0.036928,0.000419,0.036926,0.001364,0.083372,-0.080581,0.163952,1.810233,2.257685,48.83,0.001035,HEALTHY
0.03724,0.000586,0.037235,0.001386,0.079718,-0.081787,0.161505,1.820258,2.140653,48.83,0.001062,HEALTHY
0.037047,0.000451,0.037044,0.001372,0.088499,-0.082631,0.17113,1.800334,2.38883,48.83,0.001054,HEALTHY
0.036775,0.000793,0.036767,0.001352,0.08052,-0.087354,0.167874,1.830633,2.189532,48.83,0.001018,HEALTHY
0.037166,0.000486,0.037163,0.001381,0.082928,-0.081741,0.164669,1.828707,2.231266,48.83,0.001054,HEALTHY
0.037125,2.7e-05,0.037125,0.001378,0.081109,-0.09739,0.178499,1.773176,2.184754,48.83,0.001042,HEALTHY
0.037017,0.00032,0.037015,0.00137,0.083515,-0.083102,0.166617,1.8094,2.256147,48.83,0.001043,HEALTHY
0.037382,-0.000167,0.037381,0.001397,0.082624,-0.082208,0.164832,1.828108,2.210272,48.83,0.001062,HEALTHY
0.037312,0.000326,0.037311,0.001392,0.08142,-0.082907,0.164327,1.819956,2.182114,48.83,0.001061,HEALTHY
0.037381,0.000615,0.037376,0.001397,0.080891,-0.080433,0.161324,1.802512,2.163939,48.83,0.001063,HEALTHY
0.036937,0.000688,0.036931,0.001364,0.083245,-0.088423,0.171668,1.827663,2.253692,48.83,0.001049,HEALTHY
0.037107,0.000374,0.037105,0.001377,0.075554,-0.089536,0.165091,1.802893,2.036129,48.83,0.00106,HEALTHY
0.037185,0.000309,0.037183,0.001383,0.087846,-0.081504,0.16935,1.810279,2.36243,48.83,0.001051,HEALTHY
0.036926,0.000453,0.036923,0.001363,0.083658,-0.078215,0.161872,1.800239,2.265547,48.83,0.001033,HEALTHY
0.037076,0.000101,0.037076,0.001375,0.083781,-0.090833,0.174614,1.81927,2.259706,48.83,0.001054,HEALTHY
0.037304,0.000162,0.037304,0.001392,0.081117,-0.093828,0.174945,1.815089,2.17448,48.83,0.001055,HEALTHY
0.036839,0.000214,0.036838,0.001357,0.079658,-0.087404,0.167062,1.812548,2.162338,48.83,0.001033,HEALTHY
0.036973,0.000451,0.036971,0.001367,0.079359,-0.08177,0.161129,1.823501,2.146382,48.83,0.001046,HEALTHY
0.036972,0.000385,0.03697,0.001367,0.081563,-0.088971,0.170534,1.811052,2.206074,48.83,0.001048,HEALTHY
0.037181,0.000441,0.037178,0.001382,0.080407,-0.087024,0.167431,1.785889,2.162605,48.83,0.001049,HEALTHY
0.037453,0.000261,0.037452,0.001403,0.075582,-0.090145,0.165727,1.797824,2.018047,48.83,0.001092,HEALTHY
0.037255,0.000484,0.037252,0.001388,0.083295,-0.093285,0.17658,1.77803,2.235805,48.83,0.001029,HEALTHY
0.036699,0.000308,0.036698,0.001347,0.076302,-0.083803,0.160106,1.801686,2.079154,48.83,0.001039,HEALTHY
0.036684,0.000641,0.036678,0.001345,0.081458,-0.088863,0.170322,1.847712,2.220534,48.83,0.001023,HEALTHY
0.036972,0.000413,0.036969,0.001367,0.082548,-0.076681,0.159228,1.801354,2.232736,48.83,0.001035,HEALTHY
0.036804,0.000681,0.036797,0.001354,0.0873,-0.091349,0.178649,1.844278,2.372055,48.83,0.001007,HEALTHY
0.037186,0.00054,0.037182,0.001383,0.08529,-0.077398,0.162688,1.819719,2.293592,48.83,0.001067,HEALTHY
0.037256,0.000541,0.037252,0.001388,0.089963,-0.080137,0.1701,1.812856,2.414729,48.83,0.001047,HEALTHY
0.037007,0.000517,0.037003,0.001369,0.081951,-0.075434,0.157385,1.805338,2.214481,48.83,0.001014,HEALTHY
0.036722,0.000521,0.036719,0.001348,0.083251,-0.081292,0.164543,1.804987,2.267048,48.83,0.001007,HEALTHY
0.037236,0.000482,0.037233,0.001386,0.085018,-0.081994,0.167013,1.816801,2.283232,48.83,0.001058,HEALTHY
0.03742,0.000571,0.037416,0.0014,0.082227,-0.082069,0.164296,1.767482,2.197389,48.83,0.001063,HEALTHY
0.036951,-1.2e-05,0.036951,0.001365,0.078382,-0.080654,0.159036,1.780976,2.121226,48.83,0.001023,HEALTHY
0.037078,4.9e-05,0.037078,0.001375,0.084509,-0.088765,0.173273,1.826944,2.279184,48.83,0.001054,HEALTHY
0.037419,0.000787,0.037411,0.0014,0.086138,-0.080093,0.166231,1.819065,2.30198,48.83,0.001079,HEALTHY
0.036644,0.000296,0.036643,0.001343,0.074013,-0.087594,0.161607,1.794153,2.019761,48.83,0.001043,HEALTHY
0.03721,-0.000152,0.03721,0.001385,0.078416,-0.080499,0.158915,1.828001,2.107359,48.83,0.001048,HEALTHY
0.037226,0.000246,0.037225,0.001386,0.081391,-0.092358,0.173749,1.846439,2.186385,48.83,0.00105,HEALTHY
0.037575,0.000249,0.037574,0.001412,0.089941,-0.078695,0.168636,1.812685,2.393609,48.83,0.00108,HEALTHY
0.037335,0.000242,0.037334,0.001394,0.088349,-0.084875,0.173224,1.797359,2.36638,48.83,0.001031,HEALTHY
0.03726,0.000648,0.037254,0.001388,0.089163,-0.084263,0.173426,1.822565,2.392997,48.83,0.001037,HEALTHY
0.037027,0.00022,0.037026,0.001371,0.080429,-0.082418,0.162847,1.79093,2.172204,48.83,0.001058,HEALTHY
0.036814,0.000656,0.036808,0.001355,0.07915,-0.075659,0.154809,1.77819,2.150002,48.83,0.00104,HEALTHY
0.037459,0.000652,0.037453,0.001403,0.078552,-0.083048,0.161601,1.81907,2.097048,48.83,0.001076,HEALTHY
0.036899,-4.1e-05,0.036899,0.001362,0.07697,-0.083413,0.160383,1.804821,2.085959,48.83,0.001041,HEALTHY
0.03729,0.000288,0.037289,0.00139,0.092351,-0.079925,0.172276,1.786815,2.476568,48.83,0.001049,HEALTHY
0.037086,0.000689,0.037079,0.001375,0.082093,-0.079663,0.161756,1.820313,2.213595,48.83,0.001055,HEALTHY
0.036916,-5.8e-05,0.036915,0.001363,0.075363,-0.079065,0.154428,1.784396,2.041501,48.83,0.001024,HEALTHY
0.037388,0.000357,0.037386,0.001398,0.081586,-0.083507,0.165092,1.803687,2.182139,48.83,0.001031,HEALTHY
0.037055,0.00052,0.037052,0.001373,0.082503,-0.080971,0.163474,1.785705,2.226497,48.83,0.001042,HEALTHY
0.037167,0.000593,0.037162,0.001381,0.077398,-0.078902,0.1563,1.817744,2.08246,48.83,0.00105,HEALTHY
0.036919,0.000621,0.036914,0.001363,0.078254,-0.083838,0.162091,1.82783,2.119597,48.83,0.001023,HEALTHY
0.036694,0.000623,0.036689,0.001346,0.085717,-0.092747,0.178463,1.819193,2.335963,48.83,0.001023,HEALTHY
0.036928,0.00071,0.036921,0.001363,0.079316,-0.082808,0.162124,1.834202,2.147865,48.83,0.001055,HEALTHY
0.037234,0.000395,0.037232,0.001386,0.086316,-0.079892,0.166209,1.795772,2.31822,48.83,0.001075,HEALTHY
0.036988,0.000529,0.036985,0.001368,0.081906,-0.089351,0.171257,1.814408,2.214373,48.83,0.001034,HEALTHY
0.036969,0.000568,0.036965,0.001366,0.077367,-0.082052,0.159419,1.816613,2.092712,48.83,0.001044,HEALTHY
0.037082,-0.000279,0.037081,0.001375,0.085803,-0.082621,0.168424,1.801891,2.313891,48.83,0.001024,HEALTHY
0.037068,1.5e-05,0.037068,0.001374,0.080717,-0.080345,0.161061,1.830971,2.177525,48.83,0.001055,HEALTHY
0.037307,0.000985,0.037294,0.001391,0.087682,-0.090248,0.17793,1.846289,2.350283,48.83,0.00103,HEALTHY
0.036828,0.000272,0.036827,0.001356,0.084044,-0.088398,0.172442,1.79582,2.282086,48.83,0.00103,HEALTHY
0.037102,0.000478,0.037099,0.001376,0.092177,-0.081332,0.173509,1.806962,2.484399,48.83,0.001061,HEALTHY
0.037027,0.000177,0.037027,0.001371,0.083234,-0.083353,0.166587,1.757787,2.247904,48.83,0.001046,HEALTHY
0.037572,0.00019,0.037571,0.001412,0.08457,-0.078851,0.163421,1.833518,2.250887,48.83,0.001066,HEALTHY
0.036788,0.000124,0.036787,0.001353,0.082876,-0.077477,0.160352,1.830186,2.252817,48.83,0.001019,HEALTHY
0.036951,0.000196,0.036951,0.001365,0.086928,-0.080903,0.167831,1.84067,2.352521,48.83,0.001028,HEALTHY
0.037381,0.000813,0.037372,0.001397,0.088916,-0.078797,0.167713,1.820018,2.378652,48.83,0.001072,HEALTHY
0.03712,8.7e-05,0.03712,0.001378,0.079561,-0.087579,0.167141,1.802898,2.143333,48.83,0.00104,HEALTHY
0.037269,0.000119,0.037269,0.001389,0.086687,-0.078064,0.164751,1.814892,2.326007,48.83,0.001049,HEALTHY
0.037101,-0.000224,0.037101,0.001376,0.081705,-0.080948,0.162653,1.773123,2.202207,48.83,0.001023,HEALTHY
0.03714,-3e-05,0.03714,0.001379,0.093219,-0.080502,0.173721,1.802793,2.509968,48.83,0.001058,HEALTHY
0.037114,0.000771,0.037106,0.001377,0.07511,-0.081844,0.156955,1.803378,2.023756,48.83,0.00101,HEALTHY
0.03728,0.000784,0.037272,0.001389,0.083174,-0.087627,0.170801,1.817206,2.231048,48.83,0.001052,HEALTHY
0.037444,0.001058,0.037429,0.001401,0.08576,-0.080662,0.166422,1.845675,2.290372,48.83,0.001057,HEALTHY
0.037087,0.000227,0.037086,0.001375,0.088069,-0.093494,0.181563,1.828573,2.374682,48.83,0.001063,HEALTHY
0.036946,0.000408,0.036944,0.001365,0.082626,-0.087386,0.170012,1.835634,2.236409,48.83,0.001039,HEALTHY
0.037115,0.000316,0.037114,0.001377,0.079042,-0.082031,0.161073,1.830934,2.129648,48.83,0.001046,HEALTHY
0.037177,0.000359,0.037175,0.001382,0.078107,-0.081477,0.159585,1.797853,2.100957,48.83,0.001044,HEALTHY
0.036723,0.000375,0.036721,0.001348,0.07736,-0.080936,0.158296,1.811074,2.106556,48.83,0.001021,HEALTHY
0.036732,0.000709,0.036725,0.001349,0.080962,-0.088645,0.169607,1.843131,2.20411,48.83,0.00103,HEALTHY
0.036991,0.000176,0.036991,0.001368,0.085968,-0.085816,0.171784,1.810778,2.324016,48.83,0.001036,HEALTHY
0.036927,-9.5e-05,0.036927,0.001364,0.083425,-0.081682,0.165107,1.825158,2.259151,48.83,0.00104,HEALTHY
0.037157,0.000199,0.037156,0.001381,0.077329,-0.082258,0.159587,1.798036,2.081162,48.83,0.001072,HEALTHY
0.036767,0.000321,0.036765,0.001352,0.0819,-0.080856,0.162756,1.822688,2.22756,48.83,0.001029,HEALTHY
0.036917,0.000271,0.036916,0.001363,0.083009,-0.079804,0.162814,1.825229,2.248538,48.83,0.001046,HEALTHY
0.037019,0.00031,0.037017,0.00137,0.084011,-0.082012,0.166023,1.82519,2.269424,48.83,0.001037,HEALTHY
0.036641,0.000737,0.036634,0.001342,0.078862,-0.07961,0.158472,1.787179,2.152296,48.83,0.001038,HEALTHY
0.036938,0.000408,0.036936,0.001364,0.082496,-0.08197,0.164466,1.814057,2.233341,48.83,0.001069,HEALTHY
0.037114,0.000594,0.037109,0.001377,0.082596,-0.081043,0.163639,1.79592,2.225444,48.83,0.001051,HEALTHY
0.036863,0.000383,0.036861,0.001359,0.079973,-0.085225,0.165198,1.820049,2.169472,48.83,0.00101,HEALTHY
0.036768,0.000658,0.036762,0.001351,0.089125,-0.084065,0.17319,1.829571,2.42401,48.83,0.001007,HEALTHY
0.037091,0.00027,0.03709,0.001376,0.089479,-0.086058,0.175537,1.845891,2.412418,48.83,0.001061,HEALTHY
0.03679,0.000935,0.036778,0.001353,0.082124,-0.085355,0.167479,1.826852,2.232249,48.83,0.001018,HEALTHY
0.037254,0.000578,0.03725,0.001388,0.079737,-0.076032,0.155769,1.772548,2.140335,48.83,0.001086,HEALTHY
0.037037,0.000586,0.037033,0.001371,0.083903,-0.082119,0.166021,1.807587,2.265355,48.83,0.001056,HEALTHY
0.036793,0.000386,0.036791,0.001354,0.090108,-0.081556,0.171664,1.7916,2.449043,48.83,0.001016,HEALTHY
0.036736,0.000712,0.036729,0.001349,0.078625,-0.081089,0.159714,1.829118,2.140295,48.83,0.001014,HEALTHY
0.037134,0.000427,0.037132,0.001379,0.084152,-0.085788,0.16994,1.8272,2.26615,48.83,0.001063,HEALTHY
0.037589,0.000369,0.037587,0.001413,0.080281,-0.084433,0.164714,1.79418,2.135771,48.83,0.00106,HEALTHY
0.037121,0.00066,0.037115,0.001378,0.088345,-0.079528,0.167874,1.807151,2.379942,48.83,0.001049,HEALTHY
0.0371,0.000756,0.037092,0.001376,0.077582,-0.086824,0.164406,1.803159,2.091193,48.83,0.001026,HEALTHY
0.037062,0.000569,0.037058,0.001373,0.081377,-0.08356,0.164937,1.809447,2.195693,48.83,0.001028,HEALTHY
0.036901,0.000607,0.036896,0.001361,0.086228,-0.08987,0.176098,1.819955,2.336713,48.83,0.001034,HEALTHY
0.037298,0.00027,0.037297,0.001391,0.079442,-0.083247,0.162688,1.806692,2.129902,48.83,0.001025,HEALTHY
0.037406,0.000425,0.037403,0.001399,0.08346,-0.09977,0.18323,1.828797,2.231197,48.83,0.001047,HEALTHY
0.037132,0.000518,0.037129,0.001379,0.088723,-0.081912,0.170635,1.846129,2.389378,48.83,0.00105,HEALTHY
0.036916,0.000596,0.036911,0.001362,0.085028,-0.082617,0.167645,1.818478,2.303283,48.83,0.001047,HEALTHY
0.036823,0.000535,0.03682,0.001356,0.093138,-0.092648,0.185785,1.826426,2.529302,48.83,0.001008,HEALTHY
0.037188,9.5e-05,0.037188,0.001383,0.079525,-0.083696,0.163221,1.804022,2.138458,48.83,0.001056,HEALTHY
0.037362,0.000285,0.037361,0.001396,0.089295,-0.078342,0.167637,1.793434,2.389977,48.83,0.001066,HEALTHY
0.037127,0.000192,0.037127,0.001378,0.080746,-0.076567,0.157313,1.793909,2.174858,48.83,0.001035,HEALTHY
0.037318,7.8e-05,0.037318,0.001393,0.084054,-0.088847,0.172901,1.808638,2.252367,48.83,0.00104,HEALTHY
0.037047,0.000167,0.037047,0.001372,0.080601,-0.086735,0.167336,1.821727,2.175623,48.83,0.001017,HEALTHY
0.037006,0.000109,0.037006,0.001369,0.080859,-0.088636,0.169496,1.834746,2.185037,48.83,0.001054,HEALTHY
0.037162,0.000554,0.037158,0.001381,0.075611,-0.083839,0.15945,1.799906,2.034636,48.83,0.001035,HEALTHY
0.037014,0.000462,0.037011,0.00137,0.08865,-0.084715,0.173365,1.817974,2.395011,48.83,0.001007,HEALTHY
0.037206,9.5e-05,0.037206,0.001384,0.083533,-0.086818,0.170351,1.817284,2.245126,48.83,0.001037,HEALTHY
0.03685,0.000234,0.036849,0.001358,0.093413,-0.085444,0.178857,1.848314,2.534925,48.83,0.001011,HEALTHY
0.037144,0.000282,0.037143,0.00138,0.081323,-0.080607,0.16193,1.797137,2.189418,48.83,0.001034,HEALTHY
0.036709,0.000501,0.036706,0.001347,0.082857,-0.083767,0.166624,1.809379,2.257111,48.83,0.001048,HEALTHY
0.037295,0.00046,0.037292,0.001391,0.086089,-0.093213,0.179302,1.821502,2.308298,48.83,0.001066,HEALTHY
0.036839,0.000585,0.036834,0.001357,0.076143,-0.084679,0.160822,1.823064,2.06693,48.83,0.001031,HEALTHY
0.037286,0.000506,0.037283,0.00139,0.08175,-0.083043,0.164793,1.813204,2.192499,48.83,0.00106,HEALTHY
0.036873,0.000895,0.036862,0.001359,0.093837,-0.081589,0.175426,1.862166,2.544855,48.83,0.001026,HEALTHY
0.036928,0.000319,0.036927,0.001364,0.082766,-0.081113,0.163879,1.820277,2.241286,48.83,0.001037,HEALTHY
0.037156,0.000209,0.037155,0.001381,0.080795,-0.083175,0.16397,1.8119,2.174498,48.83,0.001037,HEALTHY
0.037031,0.000477,0.037028,0.001371,0.083373,-0.089283,0.172656,1.811159,2.251423,48.83,0.001052,HEALTHY
0.036757,0.000268,0.036756,0.001351,0.07883,-0.08264,0.161469,1.780483,2.14464,48.83,0.001027,HEALTHY
0.037071,0.000263,0.03707,0.001374,0.078395,-0.080099,0.158494,1.815212,2.114731,48.83,0.001037,HEALTHY
0.036931,0.00032,0.03693,0.001364,0.080109,-0.094335,0.174444,1.820674,2.169132,48.83,0.001049,HEALTHY
0.036854,0.000539,0.03685,0.001358,0.081444,-0.080601,0.162045,1.7838,2.209905,48.83,0.001016,HEALTHY
0.036861,0.000476,0.036858,0.001358,0.089374,-0.082886,0.17226,1.82116,2.424642,48.83,0.001052,HEALTHY
0.037445,0.000562,0.037441,0.001402,0.081886,-0.080864,0.16275,1.854493,2.186847,48.83,0.001068,HEALTHY
0.037153,0.000167,0.037153,0.00138,0.083344,-0.08702,0.170364,1.844399,2.243234,48.83,0.001067,HEALTHY
0.037022,0.000185,0.037021,0.001371,0.078095,-0.083454,0.161549,1.831879,2.109419,48.83,0.001028,HEALTHY
0.03648,-1.5e-05,0.03648,0.001331,0.090152,-0.081306,0.171459,1.807691,2.471292,48.83,0.001009,HEALTHY
0.037148,0.00074,0.03714,0.001379,0.092231,-0.094402,0.186633,1.821334,2.482822,48.83,0.001029,HEALTHY
0.03698,0.000435,0.036978,0.001367,0.09108,-0.084644,0.175724,1.81157,2.462926,48.83,0.001034,HEALTHY
0.036904,0.000175,0.036903,0.001362,0.083649,-0.093125,0.176774,1.793789,2.266683,48.83,0.001036,HEALTHY
0.037009,-8.2e-05,0.037008,0.00137,0.079895,-0.078543,0.158438,1.803676,2.158825,48.83,0.001033,HEALTHY
0.037259,-0.00018,0.037259,0.001388,0.078558,-0.083373,0.161932,1.808018,2.108432,48.83,0.001067,HEALTHY
0.037108,0.000264,0.037108,0.001377,0.077661,-0.080961,0.158622,1.794942,2.092822,48.83,0.001038,HEALTHY
0.03715,0.000498,0.037147,0.00138,0.095544,-0.093999,0.189543,1.819296,2.571846,48.83,0.001072,HEALTHY
0.037331,0.000434,0.037329,0.001393,0.085299,-0.080309,0.165608,1.819086,2.284912,48.83,0.001036,HEALTHY
0.037206,0.000421,0.037203,0.001384,0.080205,-0.093563,0.173768,1.827477,2.155729,48.83,0.001048,HEALTHY
0.037177,0.000488,0.037173,0.001382,0.082907,-0.082999,0.165906,1.816532,2.230083,48.83,0.00106,HEALTHY
0.036704,-9.2e-05,0.036704,0.001347,0.075353,-0.083706,0.159058,1.792332,2.052967,48.83,0.001008,HEALTHY
0.036603,0.00018,0.036602,0.00134,0.080483,-0.082999,0.163481,1.797037,2.198817,48.83,0.001022,HEALTHY
0.037619,2.4e-05,0.037619,0.001415,0.082027,-0.079951,0.161978,1.818031,2.180458,48.83,0.001097,HEALTHY
0.0371,0.000244,0.037099,0.001376,0.087092,-0.088088,0.17518,1.835525,2.347501,48.83,0.001027,HEALTHY
0.036906,0.000981,0.036893,0.001361,0.097839,-0.082399,0.180238,1.81273,2.651023,48.83,0.001043,HEALTHY
0.036968,0.000492,0.036964,0.001366,0.081444,-0.085855,0.167299,1.803706,2.203121,48.83,0.00104,HEALTHY
0.037134,0.000651,0.037128,0.001378,0.092139,-0.079694,0.171833,1.819495,2.48127,48.83,0.001026,HEALTHY
0.037413,4.8e-05,0.037413,0.0014,0.07646,-0.079521,0.155981,1.790569,2.043695,48.83,0.001084,HEALTHY
0.036918,0.00054,0.036914,0.001363,0.08916,-0.08358,0.172739,1.805129,2.415077,48.83,0.001043,HEALTHY
0.036827,0.000297,0.036826,0.001356,0.086962,-0.077862,0.164824,1.827279,2.361386,48.83,0.001008,HEALTHY
0.0369,0.000236,0.036899,0.001362,0.088351,-0.084612,0.172963,1.869298,2.394359,48.83,0.001051,HEALTHY
0.03668,0.000207,0.036679,0.001345,0.083588,-0.081078,0.164666,1.814733,2.278865,48.83,0.001021,HEALTHY
0.037473,0.001102,0.037457,0.001403,0.082962,-0.081663,0.164625,1.812296,2.213888,48.83,0.001049,HEALTHY
0.037602,1.9e-05,0.037602,0.001414,0.087734,-0.080668,0.168403,1.815072,2.33326,48.83,0.001074,HEALTHY
0.036766,-0.00019,0.036766,0.001352,0.08262,-0.077999,0.160619,1.793583,2.247173,48.83,0.001036,HEALTHY
0.037257,0.00048,0.037254,0.001388,0.085347,-0.081289,0.166636,1.845961,2.290783,48.83,0.001039,HEALTHY
0.037213,0.000399,0.037211,0.001385,0.089863,-0.088212,0.178075,1.868719,2.414831,48.83,0.001041,HEALTHY
0.036967,0.000617,0.036962,0.001366,0.083437,-0.079575,0.163012,1.837118,2.257056,48.83,0.001014,HEALTHY
0.03712,-0.000192,0.03712,0.001378,0.084505,-0.085453,0.169958,1.821392,2.276533,48.83,0.001054,HEALTHY
0.037419,0.000418,0.037417,0.0014,0.080364,-0.082686,0.16305,1.82845,2.147654,48.83,0.00107,HEALTHY
0.037384,0.000733,0.037377,0.001397,0.079614,-0.084858,0.164473,1.810987,2.129642,48.83,0.00106,HEALTHY
0.037167,0.000259,0.037167,0.001381,0.083367,-0.090296,0.173663,1.8189,2.243009,48.83,0.001058,HEALTHY
0.037483,0.000677,0.037477,0.001405,0.081871,-0.091197,0.173068,1.84191,2.184217,48.83,0.001051,HEALTHY
0.037313,4.7e-05,0.037313,0.001392,0.08308,-0.081308,0.164387,1.7823,2.226583,48.83,0.001065,HEALTHY
0.036733,0.000209,0.036733,0.001349,0.086745,-0.077846,0.164591,1.840265,2.361474,48.83,0.001033,HEALTHY
0.037106,0.000415,0.037104,0.001377,0.09244,-0.086562,0.179003,1.809222,2.491248,48.83,0.001043,HEALTHY
0.036827,0.000228,0.036826,0.001356,0.083519,-0.085777,0.169297,1.801832,2.267915,48.83,0.001029,HEALTHY
0.036756,0.000667,0.03675,0.001351,0.082679,-0.082977,0.165657,1.786552,2.249388,48.83,0.001021,HEALTHY
0.037261,0.000637,0.037256,0.001388,0.084347,-0.093894,0.178241,1.83831,2.263646,48.83,0.001054,HEALTHY
0.03706,0.000456,0.037057,0.001373,0.084119,-0.080694,0.164813,1.793933,2.269819,48.83,0.001035,HEALTHY
0.037248,0.000186,0.037247,0.001387,0.077044,-0.080859,0.157903,1.794155,2.068438,48.83,0.001075,HEALTHY
0.037257,0.000177,0.037257,0.001388,0.091722,-0.087132,0.178854,1.818901,2.461884,48.83,0.001053,HEALTHY
0.037284,0.000208,0.037283,0.00139,0.088846,-0.087384,0.17623,1.834405,2.382972,48.83,0.001085,HEALTHY
0.036922,0.000589,0.036917,0.001363,0.081135,-0.078279,0.159414,1.810755,2.197476,48.83,0.001048,HEALTHY
0.037475,0.000599,0.03747,0.001404,0.085163,-0.088685,0.173848,1.826761,2.272532,48.83,0.001074,HEALTHY
0.036889,0.00058,0.036884,0.00136,0.080678,-0.083665,0.164343,1.819085,2.18707,48.83,0.001033,HEALTHY
0.037131,0.000739,0.037124,0.001378,0.083354,-0.09053,0.173884,1.800937,2.244836,48.83,0.001056,HEALTHY
0.036791,0.000105,0.036791,0.001354,0.079737,-0.080392,0.160129,1.827611,2.167299,48.83,0.001011,HEALTHY
0.037217,0.000257,0.037217,0.001385,0.089347,-0.081901,0.171248,1.840431,2.40067,48.83,0.001065,HEALTHY
0.037367,0.000778,0.037359,0.001396,0.088371,-0.073842,0.162213,1.804071,2.364917,48.83,0.001077,HEALTHY
0.03731,8.6e-05,0.03731,0.001392,0.085886,-0.080823,0.166709,1.795259,2.301974,48.83,0.001069,HEALTHY
0.0374,0.000234,0.037399,0.001399,0.081856,-0.079527,0.161382,1.789629,2.188674,48.83,0.001077,HEALTHY
0.037416,0.000336,0.037414,0.0014,0.084661,-0.080533,0.165194,1.799912,2.262688,48.83,0.001097,HEALTHY
0.036751,0.000402,0.036748,0.00135,0.08988,-0.084968,0.174848,1.809233,2.445671,48.83,0.001028,HEALTHY
0.0371,0.000284,0.037099,0.001376,0.080706,-0.085798,0.166504,1.817885,2.175369,48.83,0.001045,HEALTHY
0.037204,0.001013,0.037191,0.001383,0.081656,-0.085485,0.167141,1.809449,2.194793,48.83,0.001034,HEALTHY
0.036847,0.000448,0.036844,0.001358,0.078339,-0.079891,0.15823,1.807434,2.126067,48.83,0.001058,HEALTHY
0.037175,0.000483,0.037172,0.001382,0.085033,-0.089308,0.17434,1.815927,2.287351,48.83,0.001045,HEALTHY
0.03749,0.000535,0.037486,0.001405,0.087549,-0.085853,0.173402,1.814501,2.335284,48.83,0.001066,HEALTHY
0.037302,0.000129,0.037302,0.001391,0.083941,-0.078644,0.162585,1.775499,2.250314,48.83,0.001053,HEALTHY
0.037246,0.000657,0.03724,0.001387,0.082414,-0.079279,0.161693,1.825713,2.212718,48.83,0.001045,HEALTHY
0.037079,0.000325,0.037078,0.001375,0.082719,-0.084704,0.167423,1.796198,2.230862,48.83,0.001052,HEALTHY
0.036742,-0.00018,0.036742,0.00135,0.077311,-0.078293,0.155604,1.822754,2.10415,48.83,0.001025,HEALTHY
0.036646,0.000455,0.036643,0.001343,0.082667,-0.086359,0.169026,1.829721,2.255853,48.83,0.001018,HEALTHY
0.03779,4.2e-05,0.03779,0.001428,0.077833,-0.087609,0.165442,1.797226,2.059635,48.83,0.001102,HEALTHY
0.037224,0.000528,0.037221,0.001385,0.076826,-0.089467,0.166293,1.80118,2.063877,48.83,0.001075,HEALTHY
0.03683,0.000388,0.036827,0.001356,0.083712,-0.082812,0.166524,1.843158,2.272972,48.83,0.001045,HEALTHY
0.036768,3.7e-05,0.036768,0.001352,0.082692,-0.085757,0.168449,1.809944,2.249008,48.83,0.001042,HEALTHY
0.037143,0.000241,0.037142,0.00138,0.078846,-0.085226,0.164072,1.787887,2.122767,48.83,0.001039,HEALTHY
0.036953,0.000458,0.03695,0.001365,0.083585,-0.079529,0.163114,1.824187,2.261938,48.83,0.00104,HEALTHY
0.036888,0.000606,0.036883,0.00136,0.090131,-0.075064,0.165195,1.760924,2.443372,48.83,0.001026,HEALTHY
0.037197,0.000475,0.037194,0.001383,0.085916,-0.080919,0.166835,1.810783,2.309716,48.83,0.001061,HEALTHY
0.03714,0.000521,0.037136,0.001379,0.085541,-0.085368,0.170909,1.815683,2.303218,48.83,0.001069,HEALTHY
0.037135,-0.000133,0.037135,0.001379,0.082186,-0.089285,0.171472,1.819897,2.213185,48.83,0.001055,HEALTHY
0.037187,0.000406,0.037185,0.001383,0.082415,-0.082059,0.164474,1.782922,2.216233,48.83,0.001053,HEALTHY
0.036847,0.001041,0.036832,0.001357,0.079977,-0.08008,0.160057,1.815125,2.170531,48.83,0.000992,HEALTHY
0.036783,-0.000156,0.036783,0.001353,0.087198,-0.096361,0.183559,1.84035,2.370619,48.83,0.001035,HEALTHY
0.036711,-7.9e-05,0.036711,0.001348,0.080249,-0.080709,0.160958,1.805349,2.185958,48.83,0.00102,HEALTHY
0.036884,0.000646,0.036878,0.00136,0.083263,-0.080874,0.164137,1.826803,2.25744,48.83,0.001046,HEALTHY
0.03717,0.000845,0.03716,0.001381,0.087022,-0.084639,0.171661,1.790266,2.341175,48.83,0.001049,HEALTHY
0.105269,0.002527,0.105239,0.011075,0.253788,-0.255929,0.509717,2.26132,2.410852,48.83,0.008288,DEVIATION
0.105707,0.003175,0.105659,0.011164,0.252155,-0.243113,0.495268,2.219069,2.385409,48.83,0.008344,DEVIATION
0.105401,0.00283,0.105363,0.011101,0.235699,-0.246962,0.48266,2.208452,2.236204,48.83,0.008254,DEVIATION
0.104273,0.001057,0.104268,0.010872,0.265355,-0.25989,0.525245,2.234088,2.544811,48.83,0.008254,DEVIATION
0.105573,0.002319,0.105548,0.01114,0.263126,-0.275729,0.538855,2.23552,2.492355,48.83,0.008461,DEVIATION
0.105067,0.001367,0.105058,0.011037,0.250711,-0.261514,0.512226,2.196328,2.386209,48.83,0.008245,DEVIATION
0.105181,0.003034,0.105138,0.011054,0.240275,-0.264646,0.504921,2.226663,2.284386,48.83,0.008166,DEVIATION
0.105503,0.003185,0.105455,0.011121,0.252319,-0.246574,0.498892,2.22226,2.391578,48.83,0.008381,DEVIATION
0.104313,0.003045,0.104269,0.010872,0.239551,-0.239355,0.478905,2.237844,2.296458,48.83,0.008201,DEVIATION
0.105582,0.002397,0.105555,0.011142,0.267621,-0.245137,0.512758,2.218903,2.534707,48.83,0.008317,DEVIATION
0.105225,0.002787,0.105188,0.011065,0.253449,-0.248251,0.5017,2.239827,2.408631,48.83,0.008308,DEVIATION
0.10598,0.000919,0.105976,0.011231,0.257725,-0.253178,0.510903,2.244946,2.431818,48.83,0.008504,DEVIATION
0.106059,0.002439,0.106031,0.011242,0.247082,-0.259151,0.506234,2.194371,2.329678,48.83,0.008328,DEVIATION
0.104684,0.001755,0.10467,0.010956,0.249199,-0.249575,0.498774,2.201299,2.380482,48.83,0.008183,DEVIATION
0.105321,0.002486,0.105292,0.011086,0.27342,-0.264189,0.537609,2.22525,2.59606,48.83,0.008397,DEVIATION
0.105313,0.001376,0.105304,0.011089,0.250374,-0.243305,0.493678,2.221316,2.377431,48.83,0.008303,DEVIATION
0.10513,0.002254,0.105106,0.011047,0.250042,-0.257989,0.508031,2.180031,2.378412,48.83,0.008318,DEVIATION
0.104916,0.002797,0.104879,0.011,0.248267,-0.241559,0.489826,2.230502,2.366341,48.83,0.008241,DEVIATION
0.105026,0.002875,0.104987,0.011022,0.241331,-0.261221,0.502553,2.248436,2.297823,48.83,0.008216,DEVIATION
0.104656,0.002125,0.104635,0.010948,0.243446,-0.257632,0.501078,2.220952,2.326148,48.83,0.008291,DEVIATION
0.104896,0.002539,0.104865,0.010997,0.253323,-0.240398,0.493721,2.230509,2.415,48.83,0.008235,DEVIATION
0.105225,0.002405,0.105197,0.011066,0.250037,-0.258945,0.508981,2.214965,2.376213,48.83,0.008318,DEVIATION
0.104921,0.003124,0.104875,0.010999,0.24335,-0.24028,0.48363,2.24772,2.319355,48.83,0.008263,DEVIATION
0.104948,0.001938,0.10493,0.01101,0.253681,-0.241207,0.494888,2.191804,2.417197,48.83,0.008316,DEVIATION
0.104713,0.001357,0.104705,0.010963,0.246119,-0.252543,0.498662,2.206232,2.350409,48.83,0.008173,DEVIATION
0.103479,0.002959,0.103437,0.010699,0.227438,-0.239789,0.467227,2.187447,2.197914,48.83,0.008007,DEVIATION
0.105397,0.002719,0.105362,0.011101,0.247212,-0.2446,0.491812,2.180603,2.345521,48.83,0.008399,DEVIATION
0.104315,0.0017,0.104301,0.010879,0.231755,-0.243208,0.474963,2.190126,2.221681,48.83,0.008018,DEVIATION
0.105117,0.002381,0.10509,0.011044,0.237487,-0.245481,0.482968,2.233392,2.259272,48.83,0.008322,DEVIATION
0.104825,0.002688,0.10479,0.010981,0.248052,-0.247462,0.495514,2.18926,2.366347,48.83,0.008212,DEVIATION
0.104509,0.003199,0.10446,0.010912,0.268718,-0.242985,0.511703,2.195091,2.571246,48.83,0.008046,DEVIATION
0.105859,0.001706,0.105845,0.011203,0.243308,-0.258054,0.501361,2.211637,2.298412,48.83,0.008302,DEVIATION
0.105373,0.002364,0.105347,0.011098,0.241015,-0.264373,0.505388,2.246557,2.287253,48.83,0.008367,DEVIATION
0.105927,0.002688,0.105893,0.011213,0.242101,-0.240138,0.482239,2.167535,2.285554,48.83,0.008506,DEVIATION
0.105986,0.003298,0.105934,0.011222,0.26294,-0.266046,0.528986,2.241749,2.480901,48.83,0.008351,DEVIATION
0.10498,0.001866,0.104964,0.011017,0.26528,-0.254908,0.520189,2.245905,2.526955,48.83,0.00828,DEVIATION
0.105253,0.001595,0.105241,0.011076,0.24053,-0.262805,0.503335,2.247092,2.285251,48.83,0.008302,DEVIATION
0.105101,0.003075,0.105056,0.011037,0.245708,-0.252859,0.498567,2.247532,2.337831,48.83,0.008291,DEVIATION
0.10486,0.001209,0.104853,0.010994,0.255928,-0.248334,0.504262,2.210792,2.440654,48.83,0.008291,DEVIATION
0.105374,0.002442,0.105346,0.011098,0.242063,-0.242299,0.484362,2.21444,2.297167,48.83,0.008317,DEVIATION
0.105841,0.002313,0.105816,0.011197,0.271305,-0.26296,0.534266,2.26641,2.563318,48.83,0.0083,DEVIATION
0.105513,0.002789,0.105476,0.011125,0.251589,-0.247827,0.499416,2.198696,2.384429,48.83,0.008302,DEVIATION
0.104371,0.002215,0.104348,0.010888,0.24299,-0.238105,0.481094,2.263156,2.328127,48.83,0.008364,DEVIATION
0.104929,0.002383,0.104902,0.011004,0.278445,-0.238479,0.516924,2.199118,2.653652,48.83,0.008318,DEVIATION
0.104511,0.002938,0.10447,0.010914,0.255058,-0.243076,0.498134,2.199112,2.440487,48.83,0.008314,DEVIATION
0.104678,0.002257,0.104653,0.010952,0.253119,-0.253325,0.506444,2.273766,2.418086,48.83,0.008229,DEVIATION
0.105288,0.0025,0.105258,0.011079,0.260769,-0.256572,0.517341,2.266115,2.476728,48.83,0.008256,DEVIATION
0.105322,0.003582,0.105261,0.01108,0.257476,-0.253283,0.510759,2.187767,2.444667,48.83,0.00822,DEVIATION
0.105242,0.002277,0.105217,0.011071,0.265313,-0.252912,0.518225,2.168199,2.520985,48.83,0.008328,DEVIATION
0.104868,0.0016,0.104856,0.010995,0.23597,-0.248947,0.484917,2.211491,2.250162,48.83,0.008115,DEVIATION
0.105897,0.001762,0.105882,0.011211,0.263398,-0.242279,0.505677,2.231266,2.487304,48.83,0.008397,DEVIATION
0.105198,0.002768,0.105161,0.011059,0.263495,-0.254611,0.518105,2.192852,2.504755,48.83,0.00826,DEVIATION
0.105139,0.002752,0.105103,0.011047,0.252315,-0.243251,0.495566,2.251325,2.399818,48.83,0.008229,DEVIATION
0.10556,0.002115,0.105539,0.011138,0.246675,-0.252677,0.499352,2.210853,2.336824,48.83,0.008417,DEVIATION
0.104908,0.001972,0.10489,0.011002,0.25882,-0.268746,0.527566,2.214124,2.467108,48.83,0.008162,DEVIATION
0.105139,0.001485,0.105128,0.011052,0.257422,-0.265615,0.523037,2.222009,2.448397,48.83,0.008022,DEVIATION
0.106122,0.002235,0.106099,0.011257,0.254353,-0.244389,0.498743,2.202051,2.396791,48.83,0.008439,DEVIATION
0.105106,0.002577,0.105075,0.011041,0.237391,-0.255636,0.493027,2.192053,2.258579,48.83,0.008396,DEVIATION
0.104254,0.000599,0.104253,0.010869,0.245321,-0.244959,0.49028,2.204289,2.353101,48.83,0.008055,DEVIATION
0.10607,0.00257,0.106039,0.011244,0.257781,-0.26355,0.52133,2.23413,2.43028,48.83,0.008512,DEVIATION
0.104501,0.002345,0.104475,0.010915,0.241565,-0.242004,0.483569,2.220531,2.311607,48.83,0.008195,DEVIATION
0.105291,0.001943,0.105273,0.011082,0.253852,-0.266316,0.520168,2.200927,2.41097,48.83,0.008343,DEVIATION
0.105129,0.003325,0.105076,0.011041,0.249165,-0.251409,0.500574,2.200219,2.370094,48.83,0.008247,DEVIATION
0.1044,0.001754,0.104385,0.010896,0.252449,-0.242197,0.494646,2.205833,2.418099,48.83,0.008119,DEVIATION
0.10546,0.000499,0.105458,0.011121,0.237353,-0.235634,0.472986,2.204623,2.250652,48.83,0.008246,DEVIATION
0.106319,0.003203,0.106271,0.011294,0.249297,-0.260495,0.509791,2.249303,2.344796,48.83,0.008419,DEVIATION
0.104575,0.001368,0.104566,0.010934,0.245928,-0.282494,0.528422,2.25156,2.351685,48.83,0.008248,DEVIATION
0.104613,0.002709,0.104578,0.010936,0.243984,-0.251073,0.495057,2.209663,2.332259,48.83,0.008151,DEVIATION
0.105318,0.002139,0.105297,0.011087,0.257027,-0.272839,0.529866,2.250455,2.44047,48.83,0.008503,DEVIATION
0.105464,0.002384,0.105437,0.011117,0.257925,-0.248558,0.506483,2.202107,2.445627,48.83,0.008239,DEVIATION
0.104353,0.002434,0.104325,0.010884,0.248471,-0.255728,0.504199,2.218516,2.381058,48.83,0.008171,DEVIATION
0.104063,0.002478,0.104033,0.010823,0.256653,-0.236581,0.493234,2.22562,2.466323,48.83,0.008111,DEVIATION
0.105888,0.002044,0.105868,0.011208,0.239921,-0.261922,0.501842,2.246446,2.265798,48.83,0.008385,DEVIATION
0.104732,0.002217,0.104708,0.010964,0.256723,-0.27255,0.529273,2.211105,2.451238,48.83,0.008181,DEVIATION
0.104253,0.003297,0.104201,0.010858,0.251737,-0.241968,0.493705,2.242979,2.414674,48.83,0.008034,DEVIATION
0.105501,0.002443,0.105473,0.011125,0.262825,-0.240857,0.503682,2.207595,2.491199,48.83,0.008409,DEVIATION
0.105471,0.002029,0.105452,0.01112,0.254342,-0.261795,0.516137,2.237674,2.411478,48.83,0.008242,DEVIATION
0.105237,0.001873,0.105221,0.011071,0.250239,-0.241149,0.491389,2.215198,2.377859,48.83,0.008344,DEVIATION
0.105693,0.003437,0.105637,0.011159,0.28514,-0.258468,0.543607,2.236525,2.697811,48.83,0.00843,DEVIATION
0.104988,0.002067,0.104967,0.011018,0.237184,-0.250284,0.487468,2.235203,2.259159,48.83,0.008305,DEVIATION
0.105139,0.00246,0.10511,0.011048,0.252722,-0.246221,0.498942,2.214898,2.403692,48.83,0.00839,DEVIATION
0.105946,0.001617,0.105934,0.011222,0.247363,-0.273598,0.52096,2.229778,2.334793,48.83,0.008386,DEVIATION
0.10535,0.003735,0.105283,0.011085,0.236498,-0.259666,0.496165,2.201524,2.244892,48.83,0.008287,DEVIATION
0.104135,0.003145,0.104088,0.010834,0.253278,-0.260804,0.514082,2.239449,2.432203,48.83,0.00818,DEVIATION
0.105842,0.001472,0.105832,0.0112,0.245174,-0.247686,0.49286,2.218879,2.316414,48.83,0.008331,DEVIATION
0.105421,0.002243,0.105397,0.011108,0.260883,-0.24543,0.506314,2.19732,2.474688,48.83,0.008332,DEVIATION
0.105196,0.002226,0.105173,0.011061,0.26122,-0.253522,0.514742,2.228103,2.483162,48.83,0.008291,DEVIATION
0.104467,0.002699,0.104432,0.010906,0.275764,-0.247653,0.523418,2.240162,2.639722,48.83,0.008115,DEVIATION
0.105305,0.002302,0.105279,0.011084,0.252969,-0.245774,0.498743,2.212829,2.402255,48.83,0.008419,DEVIATION
0.106026,0.002186,0.106003,0.011237,0.252608,-0.263596,0.516204,2.242369,2.38252,48.83,0.008528,DEVIATION
0.105178,0.002324,0.105153,0.011057,0.250981,-0.258093,0.509074,2.235494,2.386241,48.83,0.008176,DEVIATION
0.105343,0.001789,0.105327,0.011094,0.239444,-0.241009,0.480453,2.170855,2.273002,48.83,0.008359,DEVIATION
0.10484,0.002392,0.104813,0.010986,0.238245,-0.246769,0.485014,2.180815,2.272452,48.83,0.008331,DEVIATION
0.104934,0.002272,0.104909,0.011006,0.264191,-0.244114,0.508305,2.197254,2.517696,48.83,0.008107,DEVIATION
0.105316,0.001651,0.105304,0.011089,0.24274,-0.252163,0.494903,2.220482,2.304865,48.83,0.00818,DEVIATION
0.105226,0.001772,0.105212,0.011069,0.238805,-0.251531,0.490336,2.223512,2.269436,48.83,0.00827,DEVIATION
0.104948,0.001988,0.104929,0.01101,0.239236,-0.25558,0.494816,2.173117,2.279576,48.83,0.008259,DEVIATION
0.104828,0.002057,0.104808,0.010985,0.263011,-0.257424,0.520435,2.238399,2.508974,48.83,0.008225,DEVIATION
0.104836,0.003502,0.104778,0.010978,0.235705,-0.253469,0.489173,2.18821,2.248313,48.83,0.008155,DEVIATION
0.105035,0.0028,0.104998,0.011025,0.244719,-0.249435,0.494155,2.21005,2.329873,48.83,0.008245,DEVIATION
0.105103,0.001897,0.105086,0.011043,0.275778,-0.247458,0.523236,2.264689,2.623876,48.83,0.008241,DEVIATION
0.104996,0.000957,0.104992,0.011023,0.272277,-0.248108,0.520385,2.229189,2.593217,48.83,0.008289,DEVIATION
0.104721,0.00271,0.104686,0.010959,0.260001,-0.245461,0.505462,2.204488,2.482785,48.83,0.008206,DEVIATION
0.105538,0.00187,0.105522,0.011135,0.249481,-0.236401,0.485881,2.219455,2.363885,48.83,0.00851,DEVIATION
0.104981,0.003059,0.104936,0.011012,0.271194,-0.246274,0.517469,2.240717,2.58327,48.83,0.008167,DEVIATION
0.104768,0.001946,0.10475,0.010973,0.257224,-0.241431,0.498655,2.216977,2.455172,48.83,0.008317,DEVIATION
0.105156,0.001338,0.105147,0.011056,0.249407,-0.269488,0.518895,2.258223,2.371784,48.83,0.008255,DEVIATION
0.104492,0.00199,0.104473,0.010915,0.248868,-0.241635,0.490503,2.200935,2.381702,48.83,0.008228,DEVIATION
0.105122,0.00165,0.105109,0.011048,0.248133,-0.26211,0.510243,2.246937,2.360435,48.83,0.008487,DEVIATION
0.104958,0.002447,0.104929,0.01101,0.245816,-0.250257,0.496074,2.281326,2.342054,48.83,0.008223,DEVIATION
0.104399,0.001976,0.10438,0.010895,0.236466,-0.250169,0.486635,2.226305,2.265026,48.83,0.008168,DEVIATION
0.106221,0.002137,0.106199,0.011278,0.254699,-0.261823,0.516522,2.26569,2.39783,48.83,0.008475,DEVIATION
0.104268,0.001792,0.104252,0.010869,0.245111,-0.266203,0.511314,2.217051,2.350793,48.83,0.008227,DEVIATION
0.10461,0.00254,0.104579,0.010937,0.258814,-0.26123,0.520044,2.215552,2.474091,48.83,0.008273,DEVIATION
0.104837,0.002022,0.104817,0.010987,0.259594,-0.279317,0.538911,2.240033,2.476177,48.83,0.008057,DEVIATION
0.10589,0.002834,0.105852,0.011205,0.240896,-0.244961,0.485856,2.257818,2.274967,48.83,0.008402,DEVIATION
0.10502,0.001593,0.105008,0.011027,0.249339,-0.245254,0.494594,2.226152,2.374217,48.83,0.008347,DEVIATION
0.104276,0.002171,0.104254,0.010869,0.234415,-0.239782,0.474198,2.207468,2.248019,48.83,0.008181,DEVIATION
0.104225,0.002219,0.104201,0.010858,0.242183,-0.246107,0.488291,2.224529,2.323656,48.83,0.008088,DEVIATION
0.105486,0.000946,0.105482,0.011126,0.271397,-0.242436,0.513834,2.254405,2.572824,48.83,0.008388,DEVIATION
0.105115,0.001738,0.105101,0.011046,0.236885,-0.240962,0.477846,2.171952,2.253575,48.83,0.008272,DEVIATION
0.10415,0.002045,0.10413,0.010843,0.23675,-0.281325,0.518075,2.21284,2.27317,48.83,0.008149,DEVIATION
0.105438,0.002079,0.105418,0.011113,0.256528,-0.236691,0.49322,2.194293,2.432976,48.83,0.008396,DEVIATION
0.104478,0.003085,0.104433,0.010906,0.247787,-0.235446,0.483232,2.202265,2.37166,48.83,0.008142,DEVIATION
0.104707,0.002541,0.104676,0.010957,0.245676,-0.263518,0.509193,2.191007,2.346325,48.83,0.008169,DEVIATION
0.105976,0.002203,0.105953,0.011226,0.24522,-0.23765,0.48287,2.205102,2.313921,48.83,0.008319,DEVIATION
0.104955,0.002463,0.104926,0.011009,0.244367,-0.240095,0.484462,2.23662,2.328307,48.83,0.0083,DEVIATION
0.105335,0.003227,0.105286,0.011085,0.248777,-0.250909,0.499686,2.239305,2.361768,48.83,0.008294,DEVIATION
0.106047,0.002053,0.106027,0.011242,0.241073,-0.256905,0.497978,2.190175,2.273262,48.83,0.008537,DEVIATION
0.105911,0.002065,0.10589,0.011213,0.248872,-0.261009,0.509881,2.215812,2.349828,48.83,0.008393,DEVIATION
0.105072,0.002576,0.10504,0.011033,0.266986,-0.247228,0.514214,2.194933,2.540984,48.83,0.008279,DEVIATION
0.105334,0.002028,0.105315,0.011091,0.247235,-0.246248,0.493484,2.238429,2.34715,48.83,0.008235,DEVIATION
0.104771,0.002781,0.104734,0.010969,0.252295,-0.254157,0.506452,2.194381,2.408071,48.83,0.008299,DEVIATION
0.104507,0.001766,0.104492,0.010919,0.240246,-0.25302,0.493266,2.238458,2.298855,48.83,0.008217,DEVIATION
0.104994,0.001876,0.104977,0.01102,0.267858,-0.264866,0.532724,2.222342,2.551179,48.83,0.008023,DEVIATION
0.105002,0.002808,0.104964,0.011018,0.242684,-0.240696,0.48338,2.234301,2.311238,48.83,0.008247,DEVIATION
0.10469,0.002231,0.104667,0.010955,0.243906,-0.253116,0.497022,2.224117,2.32978,48.83,0.008264,DEVIATION
0.106675,0.002387,0.106648,0.011374,0.250973,-0.248786,0.499758,2.199589,2.352683,48.83,0.008597,DEVIATION
0.105194,0.00151,0.105183,0.011063,0.280576,-0.244552,0.525129,2.230563,2.667236,48.83,0.008262,DEVIATION
0.105517,0.002361,0.105491,0.011128,0.253346,-0.262821,0.516167,2.188922,2.400992,48.83,0.008293,DEVIATION
0.104998,0.002579,0.104966,0.011018,0.268596,-0.243195,0.511791,2.212321,2.558117,48.83,0.008354,DEVIATION
0.104557,0.001586,0.104545,0.01093,0.233808,-0.269299,0.503106,2.238315,2.236182,48.83,0.00828,DEVIATION
0.105745,0.002551,0.105714,0.011176,0.255317,-0.255068,0.510386,2.219405,2.414463,48.83,0.008312,DEVIATION
0.105561,0.002105,0.10554,0.011139,0.258125,-0.263355,0.52148,2.19986,2.445268,48.83,0.008393,DEVIATION
0.105333,0.001557,0.105321,0.011093,0.237823,-0.26011,0.497933,2.239257,2.257831,48.83,0.008311,DEVIATION
0.104736,0.001511,0.104725,0.010967,0.237009,-0.240637,0.477645,2.232938,2.262915,48.83,0.008342,DEVIATION
0.106366,0.002042,0.106346,0.01131,0.255527,-0.260536,0.516062,2.216993,2.402332,48.83,0.008521,DEVIATION
0.10524,0.001709,0.105226,0.011073,0.251512,-0.237674,0.489186,2.2196,2.389891,48.83,0.00824,DEVIATION
0.10515,0.001972,0.105132,0.011053,0.247529,-0.241967,0.489496,2.209608,2.354055,48.83,0.008201,DEVIATION
0.104792,0.002047,0.104772,0.010977,0.258048,-0.236002,0.49405,2.241592,2.462476,48.83,0.008271,DEVIATION
0.106158,0.002192,0.106135,0.011265,0.25404,-0.257018,0.511058,2.236745,2.393042,48.83,0.008472,DEVIATION
0.105665,0.00296,0.105623,0.011156,0.246682,-0.250171,0.496853,2.237272,2.334575,48.83,0.008332,DEVIATION
0.105218,0.001094,0.105212,0.01107,0.238456,-0.246303,0.484759,2.203977,2.266313,48.83,0.008373,DEVIATION
0.105121,0.002702,0.105086,0.011043,0.257577,-0.245344,0.502921,2.269284,2.450287,48.83,0.008089,DEVIATION
0.10538,0.002832,0.105342,0.011097,0.256525,-0.260757,0.517282,2.198995,2.434285,48.83,0.008193,DEVIATION
0.104872,0.00161,0.10486,0.010996,0.27999,-0.254183,0.534172,2.28047,2.669819,48.83,0.008133,DEVIATION
0.105079,0.0018,0.105063,0.011038,0.243264,-0.252924,0.496188,2.244771,2.315065,48.83,0.008444,DEVIATION
0.105459,0.00159,0.105447,0.011119,0.25208,-0.256449,0.508529,2.211492,2.390317,48.83,0.00849,DEVIATION
0.106085,0.001394,0.106075,0.011252,0.252274,-0.257352,0.509626,2.195946,2.378044,48.83,0.008409,DEVIATION
0.104988,0.002884,0.104948,0.011014,0.245185,-0.266348,0.511533,2.204423,2.335368,48.83,0.00829,DEVIATION
0.105067,0.001663,0.105054,0.011036,0.259841,-0.26234,0.522182,2.206504,2.473108,48.83,0.008178,DEVIATION
0.104847,0.001622,0.104835,0.01099,0.247474,-0.269762,0.517237,2.230697,2.36033,48.83,0.008302,DEVIATION
0.105088,0.002846,0.10505,0.011035,0.248258,-0.243247,0.491505,2.23293,2.362373,48.83,0.008192,DEVIATION
0.106566,0.001839,0.10655,0.011353,0.27739,-0.254026,0.531416,2.225945,2.602979,48.83,0.008508,DEVIATION
0.105248,0.001543,0.105236,0.011075,0.263539,-0.246833,0.510372,2.194006,2.503987,48.83,0.008384,DEVIATION
0.104772,0.001855,0.104756,0.010974,0.265499,-0.255131,0.52063,2.203425,2.53405,48.83,0.008256,DEVIATION
0.105118,0.001277,0.105111,0.011048,0.232246,-0.254394,0.486639,2.184363,2.209374,48.83,0.008285,DEVIATION
0.105284,0.001406,0.105275,0.011083,0.270061,-0.253562,0.523623,2.166051,2.565073,48.83,0.008257,DEVIATION
0.104075,0.002182,0.104052,0.010827,0.268395,-0.232518,0.500912,2.248638,2.578852,48.83,0.00819,DEVIATION
0.105844,0.00142,0.105835,0.011201,0.254137,-0.246653,0.50079,2.224787,2.401039,48.83,0.008284,DEVIATION
0.106299,0.002829,0.106261,0.011291,0.247728,-0.251638,0.499366,2.212516,2.330494,48.83,0.008231,DEVIATION
0.105628,0.002198,0.105605,0.011152,0.242583,-0.25155,0.494133,2.205119,2.296592,48.83,0.008444,DEVIATION
0.105116,0.001905,0.105099,0.011046,0.25129,-0.241597,0.492887,2.210541,2.390586,48.83,0.008229,DEVIATION
0.105537,0.001931,0.10552,0.011134,0.242776,-0.256596,0.499372,2.19752,2.300379,48.83,0.008224,DEVIATION
0.106055,0.002801,0.106018,0.01124,0.283837,-0.240844,0.524681,2.187497,2.676331,48.83,0.008405,DEVIATION
0.105817,0.001997,0.105798,0.011193,0.255162,-0.246687,0.501849,2.223336,2.411355,48.83,0.008148,DEVIATION
0.105639,0.00126,0.105632,0.011158,0.245134,-0.246722,0.491856,2.19712,2.320485,48.83,0.00831,DEVIATION
0.105489,0.002545,0.105459,0.011122,0.25753,-0.258158,0.515688,2.235341,2.441284,48.83,0.008327,DEVIATION
0.10495,0.002116,0.104929,0.01101,0.253323,-0.252597,0.50592,2.251693,2.413742,48.83,0.008301,DEVIATION
0.104978,0.002144,0.104956,0.011016,0.250564,-0.250293,0.500857,2.225291,2.386817,48.83,0.008304,DEVIATION
0.105866,0.001117,0.10586,0.011206,0.242005,-0.247466,0.48947,2.222517,2.285946,48.83,0.008288,DEVIATION
0.104863,0.003051,0.104818,0.010987,0.246241,-0.241385,0.487626,2.23237,2.348222,48.83,0.008212,DEVIATION
0.106228,0.001905,0.106211,0.011281,0.249865,-0.241296,0.491161,2.21221,2.352157,48.83,0.008417,DEVIATION
0.105636,0.002086,0.105615,0.011155,0.262209,-0.259567,0.521776,2.25419,2.482195,48.83,0.008429,DEVIATION
0.104477,0.002713,0.104442,0.010908,0.256549,-0.267543,0.524092,2.229594,2.455553,48.83,0.008025,DEVIATION
0.105164,0.00156,0.105153,0.011057,0.256305,-0.267592,0.523897,2.248264,2.437184,48.83,0.008117,DEVIATION
0.104936,0.002777,0.104899,0.011004,0.254204,-0.270561,0.524765,2.269599,2.422472,48.83,0.008138,DEVIATION
0.104657,0.001525,0.104646,0.010951,0.247084,-0.262026,0.50911,2.174243,2.360882,48.83,0.008182,DEVIATION
0.105941,0.002256,0.105917,0.011218,0.251945,-0.246245,0.49819,2.245823,2.378156,48.83,0.008398,DEVIATION
0.105156,0.003025,0.105113,0.011049,0.245848,-0.26955,0.515397,2.261038,2.33793,48.83,0.008385,DEVIATION
0.10507,0.003039,0.105026,0.01103,0.256938,-0.248168,0.505107,2.236337,2.4454,48.83,0.008198,DEVIATION
0.105104,0.002925,0.105064,0.011038,0.237456,-0.243222,0.480678,2.242095,2.259238,48.83,0.008179,DEVIATION
0.105042,0.002588,0.105011,0.011027,0.250262,-0.24942,0.499682,2.229285,2.382487,48.83,0.008283,DEVIATION
0.10539,0.002067,0.10537,0.011103,0.266314,-0.254798,0.521112,2.265874,2.526942,48.83,0.008186,DEVIATION
0.105238,0.002045,0.105219,0.011071,0.251243,-0.245614,0.496857,2.184042,2.387375,48.83,0.008322,DEVIATION
0.105226,0.001584,0.105214,0.01107,0.254646,-0.243335,0.497981,2.248206,2.419981,48.83,0.008209,DEVIATION
0.105509,0.002476,0.10548,0.011126,0.274139,-0.247361,0.521499,2.20416,2.598244,48.83,0.008215,DEVIATION
0.104748,0.003215,0.104699,0.010962,0.251324,-0.233464,0.484788,2.193323,2.399319,48.83,0.008208,DEVIATION
0.104226,0.002257,0.104201,0.010858,0.240209,-0.258115,0.498324,2.209902,2.304704,48.83,0.008126,DEVIATION
0.105847,0.001964,0.105829,0.0112,0.247213,-0.271101,0.518315,2.242477,2.335568,48.83,0.008271,DEVIATION
0.10523,0.002324,0.105204,0.011068,0.243849,-0.263614,0.507463,2.200517,2.31729,48.83,0.008283,DEVIATION
0.104523,0.001548,0.104512,0.010923,0.250075,-0.252499,0.502574,2.24705,2.392533,48.83,0.008164,DEVIATION
0.105418,0.002094,0.105397,0.011109,0.247455,-0.256733,0.504188,2.242182,2.347364,48.83,0.00837,DEVIATION
0.105105,0.001138,0.105099,0.011046,0.256385,-0.240253,0.496638,2.221593,2.439334,48.83,0.008155,DEVIATION
0.104933,0.002171,0.10491,0.011006,0.246053,-0.258261,0.504314,2.268381,2.344857,48.83,0.008253,DEVIATION
0.105033,0.001535,0.105022,0.01103,0.245577,-0.242769,0.488346,2.207577,2.338093,48.83,0.008232,DEVIATION
0.105027,0.002712,0.104991,0.011023,0.253113,-0.250698,0.503811,2.221024,2.409994,48.83,0.008177,DEVIATION
0.105624,0.002585,0.105592,0.01115,0.250104,-0.27129,0.521393,2.215562,2.367865,48.83,0.008358,DEVIATION
0.106003,0.002819,0.105966,0.011229,0.242584,-0.243408,0.485992,2.267559,2.288456,48.83,0.008407,DEVIATION
0.105372,0.001911,0.105355,0.0111,0.245795,-0.267782,0.513578,2.238354,2.332632,48.83,0.008357,DEVIATION
0.105352,0.002844,0.105313,0.011091,0.244266,-0.245481,0.489746,2.220608,2.318579,48.83,0.008218,DEVIATION
0.104654,0.001866,0.104637,0.010949,0.249147,-0.265789,0.514936,2.242954,2.380675,48.83,0.008238,DEVIATION
0.105407,0.00276,0.105371,0.011103,0.246696,-0.241929,0.488625,2.219724,2.340424,48.83,0.008226,DEVIATION
0.104208,0.002848,0.104169,0.010851,0.25689,-0.252172,0.509062,2.214277,2.465164,48.83,0.008192,DEVIATION
0.105129,0.001324,0.105121,0.01105,0.281117,-0.251572,0.532689,2.232895,2.674016,48.83,0.00823,DEVIATION
0.104994,0.00286,0.104955,0.011015,0.260749,-0.240922,0.501671,2.241818,2.483471,48.83,0.008325,DEVIATION
0.105948,0.002212,0.105925,0.01122,0.25109,-0.266522,0.517612,2.262417,2.36993,48.83,0.008285,DEVIATION
0.105221,0.002463,0.105192,0.011065,0.237436,-0.256009,0.493445,2.193913,2.256536,48.83,0.008342,DEVIATION
0.105308,0.00166,0.105295,0.011087,0.248478,-0.25152,0.499998,2.22244,2.359534,48.83,0.00839,DEVIATION
0.105469,0.002683,0.105435,0.011117,0.250475,-0.253973,0.504448,2.219186,2.374865,48.83,0.008185,DEVIATION
0.105736,0.002053,0.105716,0.011176,0.264191,-0.255685,0.519875,2.211554,2.498595,48.83,0.008237,DEVIATION
0.105083,0.002625,0.105051,0.011036,0.247001,-0.245022,0.492022,2.219226,2.350521,48.83,0.00823,DEVIATION
0.10641,0.002432,0.106382,0.011317,0.267656,-0.268306,0.535962,2.254014,2.515326,48.83,0.008536,DEVIATION
0.105874,0.002327,0.105848,0.011204,0.247769,-0.269374,0.517143,2.205491,2.340228,48.83,0.008451,DEVIATION
0.105236,0.002926,0.105195,0.011066,0.253446,-0.228828,0.482274,2.206933,2.40837,48.83,0.008248,DEVIATION
0.105834,0.001876,0.105817,0.011197,0.258839,-0.253264,0.512103,2.222647,2.445712,48.83,0.008537,DEVIATION
0.104307,0.00156,0.104295,0.010877,0.223802,-0.255482,0.479284,2.166273,2.145609,48.83,0.008185,DEVIATION
0.105779,0.001797,0.105764,0.011186,0.2551,-0.285247,0.540347,2.225076,2.41162,48.83,0.008278,DEVIATION
0.10488,0.00283,0.104842,0.010992,0.252093,-0.251805,0.503898,2.203568,2.403625,48.83,0.008319,DEVIATION
0.105283,0.003493,0.105225,0.011072,0.244394,-0.254423,0.498817,2.249917,2.321298,48.83,0.008305,DEVIATION
0.104475,0.001914,0.104457,0.010911,0.252425,-0.249951,0.502376,2.201359,2.416137,48.83,0.008182,DEVIATION
0.105559,0.00241,0.105531,0.011137,0.245884,-0.250757,0.496641,2.268885,2.329363,48.83,0.008297,DEVIATION
0.106103,0.002629,0.106071,0.011251,0.254263,-0.23974,0.494004,2.221503,2.396376,48.83,0.008474,DEVIATION
0.105345,0.001309,0.105337,0.011096,0.244861,-0.250408,0.495269,2.209123,2.324365,48.83,0.008218,DEVIATION
0.10491,0.001435,0.104901,0.011004,0.256342,-0.237686,0.494028,2.211432,2.443441,48.83,0.008121,DEVIATION
0.105458,0.001647,0.105445,0.011119,0.263702,-0.246723,0.510425,2.240212,2.500548,48.83,0.008306,DEVIATION
0.10441,0.002179,0.104387,0.010897,0.239346,-0.245614,0.484961,2.226237,2.292364,48.83,0.008051,DEVIATION
0.104302,0.001761,0.104287,0.010876,0.231932,-0.274601,0.506533,2.220562,2.223656,48.83,0.008029,DEVIATION
0.10505,0.002679,0.105015,0.011028,0.265751,-0.266575,0.532325,2.256445,2.529763,48.83,0.008248,DEVIATION
0.105026,0.002013,0.105007,0.011026,0.243082,-0.270453,0.513535,2.225543,2.314497,48.83,0.008228,DEVIATION
0.10463,0.002752,0.104593,0.01094,0.240943,-0.253519,0.494462,2.186073,2.302821,48.83,0.008204,DEVIATION
0.105383,0.002048,0.105363,0.011101,0.261391,-0.25311,0.514501,2.272693,2.480381,48.83,0.00843,DEVIATION
0.105462,0.002338,0.105436,0.011117,0.263022,-0.24647,0.509492,2.235193,2.493995,48.83,0.008326,DEVIATION
0.104512,0.002461,0.104483,0.010917,0.251126,-0.259905,0.511031,2.219662,2.402853,48.83,0.008179,DEVIATION
0.105127,0.001697,0.105113,0.011049,0.246903,-0.245503,0.492407,2.176707,2.34863,48.83,0.008421,DEVIATION
0.105528,0.00183,0.105512,0.011133,0.277312,-0.24659,0.523901,2.213159,2.627843,48.83,0.008208,DEVIATION
0.104873,0.001835,0.104857,0.010995,0.240006,-0.260639,0.500645,2.197576,2.288548,48.83,0.008214,DEVIATION
0.105492,0.002405,0.105465,0.011123,0.262675,-0.25306,0.515735,2.2283,2.489996,48.83,0.008269,DEVIATION
0.106267,0.003188,0.106219,0.011283,0.254398,-0.23734,0.491738,2.173233,2.393943,48.83,0.008512,DEVIATION
0.105983,0.002491,0.105954,0.011226,0.256276,-0.252408,0.508684,2.224428,2.418077,48.83,0.008423,DEVIATION
0.104971,0.001401,0.104962,0.011017,0.244908,-0.276545,0.521453,2.248864,2.333095,48.83,0.008311,DEVIATION
0.10584,0.002052,0.105821,0.011198,0.257565,-0.250256,0.507821,2.234384,2.433524,48.83,0.008374,DEVIATION
0.104681,0.002137,0.104659,0.010954,0.251506,-0.239631,0.491137,2.187379,2.402596,48.83,0.008134,DEVIATION
0.104789,0.002173,0.104766,0.010976,0.238353,-0.233392,0.471745,2.199817,2.274604,48.83,0.008245,DEVIATION
0.105027,0.002291,0.105002,0.011026,0.243843,-0.276396,0.520239,2.238702,2.321711,48.83,0.008224,DEVIATION
0.105562,0.002718,0.105527,0.011136,0.264201,-0.250169,0.514371,2.212793,2.502813,48.83,0.00834,DEVIATION
0.105341,0.001655,0.105328,0.011094,0.254719,-0.250639,0.505358,2.198174,2.418029,48.83,0.008263,DEVIATION
0.105097,0.002269,0.105073,0.01104,0.24924,-0.250303,0.499543,2.236599,2.371519,48.83,0.008293,DEVIATION
0.105502,0.002274,0.105477,0.011125,0.238048,-0.270151,0.508199,2.249862,2.256348,48.83,0.008443,DEVIATION
0.105132,0.001994,0.105113,0.011049,0.25154,-0.240581,0.49212,2.23412,2.392612,48.83,0.008151,DEVIATION
0.105203,0.002206,0.10518,0.011063,0.249485,-0.232333,0.481818,2.179502,2.371456,48.83,0.008274,DEVIATION
0.105792,0.002162,0.10577,0.011187,0.264235,-0.254747,0.518982,2.203183,2.497682,48.83,0.008207,DEVIATION
0.104893,0.002537,0.104862,0.010996,0.253758,-0.252104,0.505862,2.214059,2.419208,48.83,0.008416,DEVIATION
0.104568,0.002785,0.10453,0.010927,0.255986,-0.24077,0.496755,2.233022,2.448041,48.83,0.008288,DEVIATION
0.105891,0.001943,0.105874,0.011209,0.248923,-0.252122,0.501045,2.239457,2.35074,48.83,0.008327,DEVIATION
0.10513,0.003034,0.105086,0.011043,0.255503,-0.255544,0.511047,2.228092,2.430346,48.83,0.008151,DEVIATION
0.105502,0.001955,0.105484,0.011127,0.248284,-0.25106,0.499344,2.204765,2.353351,48.83,0.008258,DEVIATION
0.104673,0.002892,0.104633,0.010948,0.26211,-0.270189,0.532299,2.251006,2.504086,48.83,0.008118,DEVIATION
0.105706,0.002513,0.105676,0.011167,0.247292,-0.261712,0.509005,2.181865,2.339444,48.83,0.008317,DEVIATION
0.105113,0.001806,0.105098,0.011046,0.246381,-0.235082,0.481463,2.198138,2.343959,48.83,0.008197,DEVIATION
0.104713,0.002274,0.104688,0.01096,0.260642,-0.237473,0.498115,2.233847,2.489113,48.83,0.008321,DEVIATION
0.10555,0.002643,0.105517,0.011134,0.259364,-0.265192,0.524556,2.201712,2.457252,48.83,0.008384,DEVIATION
0.104716,0.002124,0.104695,0.010961,0.24967,-0.228689,0.47836,2.2391,2.384259,48.83,0.008202,DEVIATION
0.10659,0.003022,0.106547,0.011352,0.240909,-0.259713,0.500621,2.226826,2.260146,48.83,0.008384,DEVIATION
0.105607,0.001598,0.105595,0.01115,0.257372,-0.254737,0.512109,2.221145,2.437072,48.83,0.008395,DEVIATION
0.10491,0.001594,0.104898,0.011004,0.248554,-0.240118,0.488672,2.196195,2.369208,48.83,0.008238,DEVIATION
0.105156,0.00153,0.105145,0.011055,0.234853,-0.239796,0.47465,2.208881,2.233387,48.83,0.008312,DEVIATION
0.104968,0.001729,0.104953,0.011015,0.245965,-0.264145,0.51011,2.242923,2.343248,48.83,0.00834,DEVIATION
0.105712,0.002532,0.105682,0.011169,0.240952,-0.233216,0.474168,2.205906,2.279318,48.83,0.008432,DEVIATION
0.105601,0.001892,0.105584,0.011148,0.241841,-0.25206,0.493901,2.252283,2.290138,48.83,0.008501,DEVIATION
0.104676,0.002293,0.104651,0.010952,0.265962,-0.242819,0.508781,2.228442,2.540817,48.83,0.008328,DEVIATION
0.104891,0.001894,0.104874,0.010999,0.251929,-0.253369,0.505298,2.213761,2.401818,48.83,0.008217,DEVIATION
0.104465,0.002797,0.104428,0.010905,0.253636,-0.261607,0.515243,2.187586,2.427951,48.83,0.008081,DEVIATION
0.106031,0.003439,0.105975,0.011231,0.246705,-0.253345,0.50005,2.224448,2.326722,48.83,0.008422,DEVIATION
0.105311,0.002929,0.10527,0.011082,0.236351,-0.24251,0.478861,2.212949,2.244326,48.83,0.008161,DEVIATION
0.105133,0.003135,0.105086,0.011043,0.259471,-0.253816,0.513287,2.217558,2.468029,48.83,0.008162,DEVIATION
0.105082,0.002673,0.105048,0.011035,0.241959,-0.256439,0.498398,2.198285,2.302566,48.83,0.008389,DEVIATION
0.104167,0.003396,0.104112,0.010839,0.254061,-0.235681,0.489742,2.162548,2.438981,48.83,0.008304,DEVIATION
0.105627,0.002065,0.105607,0.011153,0.256053,-0.231647,0.4877,2.170879,2.42413,48.83,0.008486,DEVIATION
0.104109,0.002117,0.104088,0.010834,0.236328,-0.250052,0.48638,2.215878,2.270004,48.83,0.008148,DEVIATION
0.106253,0.002633,0.106221,0.011283,0.249555,-0.25616,0.505715,2.224048,2.348683,48.83,0.008538,DEVIATION
0.105907,0.002618,0.105875,0.011209,0.238808,-0.252452,0.49126,2.21657,2.254886,48.83,0.008421,DEVIATION
0.106025,0.00144,0.106016,0.011239,0.236262,-0.266884,0.503146,2.231888,2.228351,48.83,0.008468,DEVIATION
0.104347,0.002198,0.104324,0.010883,0.254162,-0.242532,0.496694,2.230416,2.435736,48.83,0.008206,DEVIATION
0.104783,0.002916,0.104743,0.010971,0.250134,-0.242316,0.492451,2.220092,2.387157,48.83,0.008298,DEVIATION
0.105782,0.002252,0.105758,0.011185,0.25352,-0.248749,0.502269,2.224067,2.396635,48.83,0.008452,DEVIATION
0.105867,0.001882,0.10585,0.011204,0.254032,-0.259865,0.513896,2.217655,2.399536,48.83,0.008354,DEVIATION
0.104596,0.001717,0.104582,0.010937,0.267152,-0.245835,0.512987,2.228524,2.554126,48.83,0.008159,DEVIATION
0.104956,0.002763,0.104919,0.011008,0.232314,-0.231598,0.463912,2.204314,2.213449,48.83,0.008156,DEVIATION
0.105381,0.002464,0.105352,0.011099,0.249865,-0.278435,0.5283,2.240584,2.371059,48.83,0.008147,DEVIATION
0.275851,0.021244,0.275032,0.075643,1.096202,-0.712734,1.808935,2.790993,3.973889,48.83,0.05775,ANOMALY
0.273638,0.021544,0.272788,0.074413,0.967166,-0.625084,1.59225,2.703596,3.534476,48.83,0.05525,ANOMALY
0.280405,0.02436,0.279344,0.078033,1.012865,-0.602284,1.615149,2.636112,3.612154,48.83,0.059141,ANOMALY
0.281156,0.029868,0.279565,0.078157,1.094119,-0.637199,1.731317,3.100013,3.891498,48.83,0.059948,ANOMALY
0.269036,0.019098,0.268357,0.072016,1.000728,-0.5997,1.600427,2.470639,3.719678,48.83,0.053956,ANOMALY
0.280514,0.025995,0.279307,0.078012,1.12306,-0.635255,1.758314,3.056432,4.00358,48.83,0.059081,ANOMALY
0.266512,0.015907,0.266037,0.070776,0.842384,-0.677418,1.519801,2.399806,3.16077,48.83,0.054636,ANOMALY
0.267098,0.016192,0.266607,0.071079,0.909974,-0.605261,1.515235,2.537142,3.406891,48.83,0.054307,ANOMALY
0.268533,0.016665,0.268015,0.071832,0.865872,-0.594976,1.460848,2.493912,3.224451,48.83,0.055466,ANOMALY
0.2741,0.020027,0.273367,0.07473,0.941342,-0.652305,1.593647,2.816657,3.434303,48.83,0.055635,ANOMALY
0.271158,0.01876,0.270508,0.073175,0.889361,-0.593683,1.483044,2.467317,3.27986,48.83,0.053818,ANOMALY
0.276557,0.022691,0.275624,0.075969,1.08669,-0.644268,1.730958,3.109999,3.929353,48.83,0.058575,ANOMALY
0.283495,0.024547,0.28243,0.079767,1.186233,-0.58158,1.767814,3.050628,4.184321,48.83,0.061488,ANOMALY
0.2736,0.02297,0.272634,0.074329,1.011314,-0.594757,1.606071,2.720495,3.696324,48.83,0.057097,ANOMALY
0.282466,0.025998,0.281268,0.079111,1.069421,-0.599408,1.668829,3.039842,3.786009,48.83,0.06049,ANOMALY
0.27555,0.025348,0.274382,0.075285,1.046107,-0.57675,1.622857,2.841055,3.796432,48.83,0.056995,ANOMALY
0.269109,0.020275,0.268345,0.072009,0.840431,-0.631531,1.471962,2.523048,3.123009,48.83,0.053864,ANOMALY
0.277654,0.023655,0.276645,0.076532,1.035397,-0.645737,1.681135,2.741198,3.729087,48.83,0.059106,ANOMALY
0.275504,0.02296,0.274545,0.075375,1.123206,-0.670217,1.793422,2.730904,4.076917,48.83,0.056744,ANOMALY
0.280165,0.020937,0.279382,0.078054,0.933973,-0.612111,1.546084,2.746605,3.333654,48.83,0.058557,ANOMALY
0.280143,0.024164,0.279099,0.077896,1.061134,-0.68956,1.750694,2.858945,3.787823,48.83,0.061495,ANOMALY
0.276719,0.018788,0.276081,0.076221,0.949271,-0.628169,1.577441,2.648217,3.43045,48.83,0.057238,ANOMALY
0.266931,0.014591,0.266532,0.071039,0.908331,-0.65424,1.56257,2.492995,3.402871,48.83,0.052699,ANOMALY
0.265937,0.014848,0.265522,0.070502,0.847667,-0.609733,1.457399,2.43567,3.187469,48.83,0.052759,ANOMALY
0.267843,0.017046,0.2673,0.071449,0.887797,-0.670068,1.557865,2.488567,3.314619,48.83,0.054616,ANOMALY
0.276237,0.022564,0.275314,0.075798,1.064873,-0.627671,1.692544,2.753721,3.854924,48.83,0.058784,ANOMALY
0.278708,0.027198,0.277377,0.076938,1.065249,-0.612389,1.677638,2.732912,3.822103,48.83,0.059777,ANOMALY
0.276814,0.024254,0.27575,0.076038,1.107463,-0.605776,1.713239,2.787926,4.000744,48.83,0.058031,ANOMALY
0.276106,0.020962,0.275309,0.075795,0.949771,-0.625868,1.575639,2.652632,3.439885,48.83,0.056289,ANOMALY
0.266774,0.014333,0.266389,0.070963,0.783707,-0.612804,1.396511,2.431889,2.937718,48.83,0.054934,ANOMALY
0.267922,0.017958,0.26732,0.07146,0.970499,-0.602331,1.572831,2.645443,3.622317,48.83,0.054409,ANOMALY
0.261046,0.01257,0.260743,0.067987,0.764002,-0.570988,1.33499,2.363519,2.926697,48.83,0.051012,ANOMALY
0.267049,0.020472,0.266263,0.070896,0.850412,-0.614766,1.465178,2.46355,3.18448,48.83,0.054102,ANOMALY
0.269231,0.019848,0.268499,0.072092,1.003887,-0.608584,1.61247,2.486966,3.728715,48.83,0.053706,ANOMALY
0.27371,0.020933,0.272908,0.074479,0.937081,-0.619314,1.556395,2.685186,3.42363,48.83,0.056559,ANOMALY
0.280232,0.024481,0.279161,0.077931,1.018911,-0.605161,1.624073,2.758886,3.635952,48.83,0.059103,ANOMALY
0.268019,0.022793,0.267048,0.071315,0.904818,-0.638626,1.543444,2.46839,3.37595,48.83,0.054354,ANOMALY
0.268762,0.016368,0.268263,0.071965,0.995084,-0.620267,1.615352,2.713557,3.70247,48.83,0.055196,ANOMALY
0.275132,0.021559,0.274286,0.075233,0.955059,-0.669233,1.624292,2.644247,3.471278,48.83,0.057559,ANOMALY
0.28107,0.026647,0.279804,0.078291,1.074398,-0.706836,1.781235,3.073299,3.822523,48.83,0.058883,ANOMALY
0.271013,0.025556,0.269806,0.072795,1.011527,-0.649429,1.660956,2.553105,3.732388,48.83,0.056063,ANOMALY
0.261415,0.01308,0.261087,0.068167,0.766689,-0.612155,1.378843,2.404308,2.932842,48.83,0.052381,ANOMALY
0.260977,0.016805,0.260435,0.067826,0.787382,-0.630694,1.418077,2.405539,3.01706,48.83,0.051487,ANOMALY
0.268078,0.021667,0.267201,0.071397,0.926334,-0.658617,1.584951,2.479566,3.45546,48.83,0.054519,ANOMALY
0.266706,0.020413,0.265924,0.070716,0.91941,-0.639346,1.558756,2.470539,3.447274,48.83,0.053128,ANOMALY
0.26756,0.018211,0.266939,0.071256,0.85576,-0.598887,1.454647,2.422399,3.198389,48.83,0.05374,ANOMALY
0.277886,0.027684,0.276504,0.076454,1.04692,-0.637737,1.684657,2.734518,3.767444,48.83,0.057135,ANOMALY
0.288132,0.026687,0.286894,0.082308,1.120316,-0.626882,1.747199,3.103293,3.888199,48.83,0.063131,ANOMALY
0.271529,0.019108,0.270856,0.073363,0.881605,-0.59207,1.473675,2.459701,3.246817,48.83,0.056457,ANOMALY
0.271898,0.019095,0.271226,0.073564,0.915596,-0.632021,1.547618,2.581955,3.367428,48.83,0.054811,ANOMALY
0.266912,0.01818,0.266292,0.070911,0.934775,-0.610574,1.54535,2.547892,3.502187,48.83,0.052349,ANOMALY
0.270622,0.022074,0.26972,0.072749,0.916282,-0.616068,1.53235,2.51067,3.385837,48.83,0.053936,ANOMALY
0.289441,0.031259,0.287748,0.082799,1.229253,-0.612053,1.841306,3.191184,4.246994,48.83,0.062231,ANOMALY
0.274399,0.024687,0.273286,0.074685,1.013966,-0.60573,1.619696,2.84481,3.695225,48.83,0.056767,ANOMALY
0.264581,0.018052,0.263964,0.069677,0.756355,-0.583494,1.339849,2.338611,2.858694,48.83,0.053205,ANOMALY
0.269822,0.021136,0.268993,0.072357,1.044386,-0.574708,1.619094,2.654312,3.87065,48.83,0.055367,ANOMALY
0.281357,0.027217,0.280037,0.078421,1.095372,-0.630394,1.725766,2.805308,3.893178,48.83,0.060915,ANOMALY
0.26821,0.01949,0.267501,0.071557,0.964585,-0.699186,1.663771,2.567363,3.596375,48.83,0.053652,ANOMALY
0.267872,0.018971,0.267199,0.071395,0.86392,-0.610825,1.474745,2.497727,3.225126,48.83,0.05325,ANOMALY
0.27986,0.025629,0.278684,0.077665,1.05589,-0.610278,1.666168,3.085103,3.772925,48.83,0.058404,ANOMALY
0.272649,0.021576,0.271794,0.073872,0.913433,-0.591862,1.505294,2.603633,3.35021,48.83,0.055565,ANOMALY
0.268312,0.018691,0.267661,0.071642,0.818882,-0.605871,1.424753,2.407245,3.051973,48.83,0.054097,ANOMALY
0.267119,0.019993,0.26637,0.070953,0.893838,-0.644583,1.538421,2.467114,3.346218,48.83,0.052194,ANOMALY
0.285043,0.025297,0.283918,0.080609,1.12837,-0.624251,1.752621,3.070146,3.9586,48.83,0.059544,ANOMALY
0.266683,0.019162,0.265994,0.070753,0.999453,-0.612933,1.612386,2.579411,3.747719,48.83,0.053339,ANOMALY
0.277223,0.024557,0.276133,0.076249,0.994268,-0.640511,1.634779,2.657944,3.586535,48.83,0.056458,ANOMALY
0.269792,0.019116,0.269114,0.072422,0.955353,-0.607325,1.562678,2.578644,3.541076,48.83,0.054218,ANOMALY
0.283597,0.024325,0.282552,0.079836,1.082401,-0.6351,1.717501,2.881578,3.81668,48.83,0.059508,ANOMALY
0.264425,0.017565,0.263841,0.069612,0.839944,-0.65006,1.490004,2.370379,3.176497,48.83,0.05296,ANOMALY
0.271166,0.020113,0.270419,0.073126,1.00505,-0.634263,1.639312,2.621624,3.706402,48.83,0.055503,ANOMALY
0.265419,0.01614,0.264928,0.070187,0.852574,-0.657845,1.510418,2.446443,3.212181,48.83,0.051642,ANOMALY
0.26431,0.015715,0.263843,0.069613,0.762203,-0.617389,1.379592,2.40426,2.883745,48.83,0.052289,ANOMALY
0.276989,0.024623,0.275893,0.076117,1.000895,-0.617118,1.618013,2.746187,3.613481,48.83,0.058002,ANOMALY
0.265948,0.016924,0.265409,0.070442,0.887777,-0.566427,1.454204,2.52144,3.338156,48.83,0.053767,ANOMALY
0.269917,0.023378,0.268902,0.072308,0.949822,-0.618019,1.567841,2.566958,3.518946,48.83,0.053377,ANOMALY
0.282302,0.022873,0.281374,0.079171,1.099177,-0.625299,1.724476,3.111678,3.893618,48.83,0.059215,ANOMALY
0.284794,0.025756,0.283627,0.080444,1.081492,-0.587792,1.669284,3.023316,3.797453,48.83,0.059886,ANOMALY
0.276211,0.029724,0.274607,0.075409,0.980365,-0.588706,1.56907,2.700781,3.549338,48.83,0.058162,ANOMALY
0.268247,0.019648,0.267527,0.071571,0.993996,-0.664859,1.658855,2.598222,3.705519,48.83,0.054937,ANOMALY
0.277994,0.021818,0.277137,0.076805,0.969562,-0.629138,1.5987,2.708068,3.487707,48.83,0.05751,ANOMALY
0.271078,0.021677,0.27021,0.073013,0.854874,-0.587132,1.442006,2.541576,3.153606,48.83,0.054595,ANOMALY
0.264262,0.014821,0.263846,0.069615,0.784221,-0.689189,1.47341,2.349926,2.967593,48.83,0.052584,ANOMALY
0.273629,0.022159,0.272731,0.074382,1.004188,-0.645322,1.64951,2.778068,3.669884,48.83,0.056523,ANOMALY
0.266205,0.017551,0.265626,0.070557,0.850104,-0.635655,1.485758,2.316253,3.193413,48.83,0.051566,ANOMALY
0.265866,0.017166,0.265312,0.07039,0.814426,-0.641347,1.455773,2.449822,3.06329,48.83,0.054333,ANOMALY
0.272028,0.02356,0.271006,0.073444,0.937036,-0.652649,1.589686,2.623087,3.444634,48.83,0.058949,ANOMALY
0.282827,0.025418,0.281683,0.079345,1.025577,-0.596347,1.621924,3.028312,3.62616,48.83,0.06059,ANOMALY
0.278464,0.024808,0.277357,0.076927,1.067453,-0.600355,1.667809,2.876307,3.83336,48.83,0.061126,ANOMALY
0.266819,0.014164,0.266443,0.070992,0.877179,-0.631042,1.508221,2.412523,3.287539,48.83,0.055056,ANOMALY
0.285813,0.030338,0.284198,0.080769,1.07712,-0.623731,1.700851,2.977348,3.768616,48.83,0.060417,ANOMALY
0.281632,0.02387,0.280619,0.078747,1.105133,-0.65606,1.761192,2.993626,3.924031,48.83,0.060635,ANOMALY
0.274941,0.025519,0.273754,0.074941,0.97177,-0.642823,1.614593,2.666378,3.53447,48.83,0.056692,ANOMALY
0.270704,0.019548,0.269997,0.072898,0.819036,-0.605713,1.424749,2.496543,3.025577,48.83,0.055931,ANOMALY
0.265191,0.014606,0.264789,0.070113,0.905093,-0.603691,1.508784,2.489258,3.41298,48.83,0.052834,ANOMALY
0.272069,0.021453,0.271222,0.073561,1.011242,-0.635674,1.646916,2.741415,3.716853,48.83,0.053754,ANOMALY
0.266456,0.018676,0.2658,0.07065,0.830218,-0.622388,1.452605,2.398274,3.11578,48.83,0.053505,ANOMALY
0.260866,0.015524,0.260404,0.06781,0.820156,-0.633067,1.453224,2.429272,3.143971,48.83,0.050995,ANOMALY
0.274297,0.022382,0.273382,0.074738,0.972979,-0.634747,1.607727,2.726218,3.547176,48.83,0.056103,ANOMALY
0.27973,0.028994,0.278223,0.077408,1.052357,-0.672893,1.72525,2.804817,3.76205,48.83,0.057787,ANOMALY
0.272798,0.022096,0.271902,0.073931,0.929308,-0.596682,1.52599,2.476553,3.406574,48.83,0.056514,ANOMALY
0.271691,0.021324,0.270852,0.073361,0.934943,-0.605026,1.539969,2.579639,3.441206,48.83,0.055066,ANOMALY
0.270693,0.020028,0.269951,0.072874,1.013422,-0.620017,1.63344,2.696135,3.743804,48.83,0.054615,ANOMALY
0.276228,0.023305,0.275243,0.075759,0.998933,-0.640972,1.639905,2.725342,3.616333,48.83,0.056688,ANOMALY
0.278242,0.023509,0.277248,0.076866,1.066124,-0.592391,1.658515,2.822486,3.831636,48.83,0.058681,ANOMALY
0.272261,0.020405,0.271495,0.07371,0.884627,-0.597277,1.481905,2.624155,3.249191,48.83,0.054698,ANOMALY
0.272864,0.020464,0.272096,0.074036,1.042668,-0.593286,1.635955,2.818708,3.821201,48.83,0.056641,ANOMALY
0.273349,0.0208,0.272557,0.074287,0.949679,-0.620565,1.570244,2.651581,3.474236,48.83,0.055261,ANOMALY
0.286171,0.025755,0.28501,0.081231,1.073017,-0.622512,1.695529,2.896819,3.749562,48.83,0.063028,ANOMALY
0.274698,0.02504,0.273554,0.074832,0.988581,-0.616887,1.605468,2.696682,3.598794,48.83,0.058105,ANOMALY
0.279897,0.027745,0.278519,0.077573,1.115335,-0.622239,1.737574,3.08405,3.984799,48.83,0.058256,ANOMALY
0.27932,0.026083,0.2781,0.07734,1.084163,-0.596697,1.68086,2.862214,3.881432,48.83,0.060528,ANOMALY
0.274104,0.021304,0.273275,0.074679,0.980148,-0.578063,1.558211,2.721036,3.575823,48.83,0.056036,ANOMALY
0.266117,0.017619,0.265534,0.070508,0.883697,-0.620003,1.5037,2.437945,3.320702,48.83,0.053407,ANOMALY
0.280703,0.026574,0.279442,0.078088,1.028591,-0.671989,1.70058,2.796647,3.664338,48.83,0.058972,ANOMALY
0.272651,0.021942,0.271767,0.073857,1.013722,-0.61101,1.624733,2.756508,3.718016,48.83,0.057062,ANOMALY
0.279191,0.021085,0.278394,0.077503,1.064783,-0.60234,1.667123,2.928905,3.81381,48.83,0.059929,ANOMALY
0.269944,0.020255,0.269183,0.07246,0.89865,-0.625335,1.523986,2.544828,3.329022,48.83,0.055137,ANOMALY
0.274848,0.02324,0.273864,0.075001,0.912936,-0.608647,1.521583,2.539676,3.321604,48.83,0.058638,ANOMALY
0.283347,0.0262,0.282133,0.079599,1.186267,-0.65775,1.844017,3.18134,4.186627,48.83,0.061581,ANOMALY
0.266656,0.019762,0.265923,0.070715,0.903894,-0.624641,1.528535,2.619279,3.389736,48.83,0.055561,ANOMALY
0.271539,0.018423,0.270913,0.073394,0.86132,-0.636821,1.498141,2.48745,3.171993,48.83,0.055669,ANOMALY
0.284959,0.026984,0.283679,0.080474,1.111573,-0.608046,1.719619,3.240419,3.90081,48.83,0.061869,ANOMALY
0.278281,0.02413,0.277233,0.076858,0.974,-0.586453,1.560454,2.621384,3.500057,48.83,0.057185,ANOMALY
0.268762,0.019404,0.268061,0.071856,0.816481,-0.608574,1.425055,2.448633,3.037933,48.83,0.055784,ANOMALY
0.276346,0.021877,0.275479,0.075888,1.060032,-0.601728,1.66176,2.776574,3.83589,48.83,0.058066,ANOMALY
0.27099,0.022823,0.270027,0.072915,0.96301,-0.605869,1.568879,2.517899,3.55367,48.83,0.054786,ANOMALY
0.280134,0.027159,0.278814,0.077737,0.973686,-0.581218,1.554904,2.794154,3.475789,48.83,0.06029,ANOMALY
0.277189,0.023949,0.276153,0.07626,1.095224,-0.589353,1.684576,2.795954,3.951176,48.83,0.057527,ANOMALY
0.272154,0.018988,0.271491,0.073707,0.985199,-0.597474,1.582673,2.523091,3.620007,48.83,0.056005,ANOMALY
0.280839,0.025117,0.279713,0.07824,1.108067,-0.653803,1.76187,3.026948,3.945561,48.83,0.058611,ANOMALY
0.267638,0.01809,0.267026,0.071303,0.909404,-0.62738,1.536784,2.488158,3.397891,48.83,0.052852,ANOMALY
0.278616,0.026505,0.277352,0.076924,0.996191,-0.602064,1.598255,2.853057,3.5755,48.83,0.058275,ANOMALY
0.267442,0.020316,0.266669,0.071113,0.884708,-0.589598,1.474306,2.449196,3.308035,48.83,0.053962,ANOMALY
0.265619,0.013326,0.265284,0.070376,0.789009,-0.678639,1.467649,2.416117,2.970458,48.83,0.054008,ANOMALY
0.275427,0.02252,0.274505,0.075353,1.066392,-0.625163,1.691555,2.849376,3.871777,48.83,0.059922,ANOMALY
0.27299,0.01961,0.272285,0.074139,0.977218,-0.608324,1.585542,2.707754,3.579685,48.83,0.054592,ANOMALY
0.275393,0.017738,0.274821,0.075527,0.903897,-0.608668,1.512564,2.54276,3.282208,48.83,0.056878,ANOMALY
0.282492,0.023943,0.281475,0.079228,1.193874,-0.582264,1.776138,3.310317,4.226226,48.83,0.058806,ANOMALY
0.276686,0.025468,0.275511,0.075906,1.033591,-0.591282,1.624873,2.830844,3.735615,48.83,0.056399,ANOMALY
0.26557,0.01663,0.265049,0.070251,0.879035,-0.624747,1.503782,2.387419,3.309994,48.83,0.052672,ANOMALY
0.280312,0.024885,0.279205,0.077956,1.119972,-0.587384,1.707356,3.011089,3.995447,48.83,0.059122,ANOMALY
0.266823,0.018967,0.266148,0.070834,0.9807,-0.646918,1.627618,2.545865,3.675477,48.83,0.054407,ANOMALY
0.280468,0.027092,0.279157,0.077928,1.149281,-0.621779,1.771061,2.995558,4.097723,48.83,0.058907,ANOMALY
0.264825,0.015569,0.264367,0.06989,0.889697,-0.565437,1.455134,2.427016,3.359562,48.83,0.053645,ANOMALY
0.273789,0.023137,0.27281,0.074425,0.974499,-0.67475,1.649249,2.717811,3.559307,48.83,0.056315,ANOMALY
0.273603,0.022202,0.272701,0.074366,0.943976,-0.690561,1.634537,2.578589,3.450167,48.83,0.057278,ANOMALY
0.287341,0.027877,0.285985,0.081788,1.134323,-0.594464,1.728786,3.323594,3.947655,48.83,0.062168,ANOMALY
0.271937,0.020252,0.271181,0.073539,1.03205,-0.606335,1.638385,2.621862,3.795188,48.83,0.056942,ANOMALY
0.269963,0.020178,0.269208,0.072473,0.973342,-0.655647,1.628989,2.639176,3.605462,48.83,0.055983,ANOMALY
0.282763,0.028395,0.281334,0.079149,1.067016,-0.610601,1.677616,2.962578,3.773532,48.83,0.0602,ANOMALY
0.275708,0.022104,0.27482,0.075526,0.934398,-0.588057,1.522456,2.640067,3.389093,48.83,0.056362,ANOMALY
0.268128,0.016419,0.267625,0.071623,0.87648,-0.609661,1.486141,2.456577,3.268882,48.83,0.05476,ANOMALY
0.277923,0.023459,0.276931,0.076691,0.922808,-0.67749,1.600297,2.583759,3.320372,48.83,0.058919,ANOMALY
0.268786,0.020268,0.268021,0.071835,1.000148,-0.576154,1.576303,2.651637,3.720987,48.83,0.054736,ANOMALY
0.277254,0.025613,0.276068,0.076214,1.087539,-0.604705,1.692244,3.068057,3.922538,48.83,0.057121,ANOMALY
0.280503,0.024551,0.279426,0.078079,1.204088,-0.600167,1.804255,3.099154,4.292607,48.83,0.056348,ANOMALY
0.281608,0.025951,0.28041,0.07863,1.075609,-0.702521,1.77813,3.052362,3.819519,48.83,0.057998,ANOMALY
0.272808,0.021035,0.271996,0.073982,0.994502,-0.618153,1.612656,2.631667,3.645431,48.83,0.056465,ANOMALY
0.267198,0.014082,0.266827,0.071197,0.824166,-0.607346,1.431511,2.420114,3.084471,48.83,0.053314,ANOMALY
0.268437,0.016155,0.26795,0.071797,0.964986,-0.629856,1.594842,2.597071,3.594835,48.83,0.053561,ANOMALY
0.266075,0.018016,0.265464,0.070471,0.858404,-0.648758,1.507162,2.448757,3.226179,48.83,0.053144,ANOMALY
0.266931,0.015367,0.266489,0.071016,0.808959,-0.587413,1.396372,2.442578,3.030589,48.83,0.053664,ANOMALY
0.277248,0.024348,0.276177,0.076274,1.009731,-0.65397,1.663701,2.808028,3.641971,48.83,0.055001,ANOMALY
0.271588,0.020065,0.270845,0.073357,1.086406,-0.615412,1.701817,2.640584,4.000203,48.83,0.055565,ANOMALY
0.266338,0.017995,0.265729,0.070612,0.906732,-0.655053,1.561785,2.487084,3.404446,48.83,0.053067,ANOMALY
0.276308,0.024913,0.275183,0.075726,1.014676,-0.606079,1.620755,2.752941,3.672261,48.83,0.059202,ANOMALY
0.274466,0.023174,0.273486,0.074795,1.047641,-0.649142,1.696783,2.727379,3.817018,48.83,0.056106,ANOMALY
0.274887,0.024038,0.273834,0.074985,1.006126,-0.602889,1.609015,2.713792,3.660144,48.83,0.056141,ANOMALY
0.26334,0.016116,0.262846,0.069088,0.761887,-0.64439,1.406277,2.340437,2.893171,48.83,0.052269,ANOMALY
0.272597,0.020667,0.271812,0.073882,1.015521,-0.667071,1.682592,2.604744,3.725361,48.83,0.055303,ANOMALY
0.270216,0.021314,0.269374,0.072563,1.017642,-0.606763,1.624405,2.794903,3.766029,48.83,0.05371,ANOMALY
0.287962,0.031366,0.286249,0.081938,1.212299,-0.631894,1.844193,3.289321,4.20992,48.83,0.061911,ANOMALY
0.280775,0.026809,0.279492,0.078116,1.079366,-0.631393,1.710759,2.872007,3.844244,48.83,0.059016,ANOMALY
0.270614,0.024606,0.269493,0.072626,0.971449,-0.650744,1.622193,2.61988,3.589801,48.83,0.055031,ANOMALY
0.269249,0.018636,0.268603,0.072148,0.939698,-0.645709,1.585408,2.495503,3.490077,48.83,0.052171,ANOMALY
0.271087,0.019687,0.270372,0.073101,0.877914,-0.629741,1.507655,2.483217,3.238489,48.83,0.055894,ANOMALY
0.272336,0.024634,0.27122,0.07356,1.0068,-0.608895,1.615695,2.606709,3.696905,48.83,0.054725,ANOMALY
0.286909,0.029914,0.285346,0.081422,1.071678,-0.598693,1.670371,3.043054,3.735247,48.83,0.065238,ANOMALY
0.276536,0.02223,0.275641,0.075978,0.927865,-0.651915,1.579779,2.648273,3.355314,48.83,0.057673,ANOMALY
0.266369,0.017109,0.265819,0.07066,0.842122,-0.624145,1.466267,2.396417,3.161484,48.83,0.053624,ANOMALY
0.278182,0.023222,0.277211,0.076846,1.056171,-0.645437,1.701608,2.867399,3.796685,48.83,0.059447,ANOMALY
0.272714,0.02067,0.27193,0.073946,1.032657,-0.63192,1.664577,2.823114,3.786588,48.83,0.056549,ANOMALY
0.269783,0.016627,0.26927,0.072506,0.89842,-0.643583,1.542003,2.573609,3.330164,48.83,0.054424,ANOMALY
0.264352,0.016,0.263867,0.069626,0.86705,-0.621297,1.488347,2.424814,3.279907,48.83,0.053305,ANOMALY
0.271157,0.01939,0.270463,0.07315,1.091523,-0.608169,1.699693,2.720279,4.025424,48.83,0.05501,ANOMALY
0.261181,0.015745,0.260706,0.067967,0.794674,-0.61394,1.408614,2.379467,3.042621,48.83,0.052027,ANOMALY
0.263099,0.017411,0.262522,0.068918,0.859982,-0.653131,1.513113,2.532268,3.268668,48.83,0.052991,ANOMALY
0.266396,0.015189,0.265962,0.070736,0.904652,-0.639972,1.544624,2.414747,3.395895,48.83,0.053942,ANOMALY
0.279123,0.023088,0.278167,0.077377,1.014645,-0.648716,1.663362,2.855075,3.635116,48.83,0.060692,ANOMALY
0.266611,0.017874,0.266011,0.070762,0.88079,-0.641766,1.522557,2.369068,3.303654,48.83,0.053508,ANOMALY
0.265071,0.015291,0.264629,0.070029,0.859566,-0.588422,1.447988,2.363582,3.242778,48.83,0.052598,ANOMALY
0.282181,0.025032,0.281069,0.079,1.125148,-0.64298,1.768128,2.965221,3.987326,48.83,0.060795,ANOMALY
0.264548,0.01787,0.263943,0.069666,0.850013,-0.609945,1.459958,2.501614,3.213081,48.83,0.052836,ANOMALY
0.289564,0.034708,0.287476,0.082643,1.195138,-0.567896,1.763034,3.217676,4.127372,48.83,0.063848,ANOMALY
0.269197,0.019017,0.268525,0.072105,0.867613,-0.610459,1.478072,2.489572,3.222967,48.83,0.054428,ANOMALY
0.271984,0.021526,0.27113,0.073512,0.875895,-0.591961,1.467856,2.555129,3.220395,48.83,0.056189,ANOMALY
0.268798,0.020969,0.267979,0.071813,0.859171,-0.639051,1.498222,2.47074,3.196345,48.83,0.053734,ANOMALY
0.270858,0.018812,0.270204,0.07301,0.915145,-0.61037,1.525515,2.686086,3.37869,48.83,0.056521,ANOMALY
0.267446,0.018847,0.266781,0.071172,0.879806,-0.641407,1.521213,2.455588,3.289657,48.83,0.053327,ANOMALY
0.26507,0.016598,0.26455,0.069987,0.765661,-0.688744,1.454405,2.406737,2.888525,48.83,0.051869,ANOMALY
0.279648,0.024271,0.278593,0.077614,1.136427,-0.634221,1.770648,2.93744,4.063777,48.83,0.060221,ANOMALY
0.284763,0.028856,0.283297,0.080257,1.132989,-0.626411,1.7594,3.076082,3.978708,48.83,0.05961,ANOMALY
0.275346,0.021969,0.274469,0.075333,1.007361,-0.626439,1.6338,2.609786,3.658522,48.83,0.056481,ANOMALY
0.273271,0.020418,0.272508,0.07426,0.956789,-0.593934,1.550723,2.584647,3.50124,48.83,0.0544,ANOMALY
0.279862,0.021316,0.279049,0.077869,1.061421,-0.582328,1.643749,2.911284,3.792655,48.83,0.058589,ANOMALY
0.276639,0.027399,0.275279,0.075778,0.935522,-0.612015,1.547537,2.706924,3.381742,48.83,0.057626,ANOMALY
0.267767,0.017197,0.267214,0.071403,0.864892,-0.595802,1.460694,2.488947,3.230019,48.83,0.05267,ANOMALY
0.267328,0.019485,0.266617,0.071085,0.925592,-0.583467,1.509059,2.475476,3.462378,48.83,0.053598,ANOMALY
0.267939,0.01529,0.267502,0.071557,0.903285,-0.611249,1.514534,2.414698,3.371235,48.83,0.055093,ANOMALY
0.265581,0.015413,0.265133,0.070295,0.908255,-0.650807,1.559062,2.492124,3.419884,48.83,0.05346,ANOMALY
0.265192,0.01628,0.264692,0.070062,0.81375,-0.600311,1.414061,2.419907,3.06853,48.83,0.052896,ANOMALY
0.27187,0.019615,0.271161,0.073528,0.982929,-0.60119,1.584119,2.731433,3.615438,48.83,0.055014,ANOMALY
0.265191,0.015972,0.264709,0.070071,0.805385,-0.640024,1.445409,2.481778,3.037001,48.83,0.052779,ANOMALY
0.266737,0.017176,0.266183,0.070853,0.859761,-0.649377,1.509137,2.450109,3.223256,48.83,0.052942,ANOMALY
0.264752,0.017668,0.264162,0.069782,0.725533,-0.662759,1.388292,2.328257,2.740423,48.83,0.052548,ANOMALY
0.268229,0.019079,0.26755,0.071583,0.971547,-0.609267,1.580813,2.554109,3.622074,48.83,0.054979,ANOMALY
0.268622,0.0191,0.267942,0.071793,1.028135,-0.57999,1.608125,2.569929,3.827439,48.83,0.055068,ANOMALY
0.284885,0.024304,0.283846,0.080569,1.128559,-0.599813,1.728372,3.079871,3.961461,48.83,0.059021,ANOMALY
0.266087,0.017211,0.26553,0.070506,0.879928,-0.636257,1.516185,2.543921,3.306922,48.83,0.052893,ANOMALY
0.271903,0.023978,0.270844,0.073356,0.932442,-0.612227,1.544669,2.566126,3.429321,48.83,0.055632,ANOMALY
0.267563,0.018008,0.266956,0.071266,0.851047,-0.64054,1.491588,2.490375,3.180736,48.83,0.053687,ANOMALY
0.264206,0.020168,0.263436,0.069398,0.887179,-0.59883,1.486008,2.513114,3.357899,48.83,0.05348,ANOMALY
0.278835,0.026331,0.277589,0.077055,1.072532,-0.609407,1.681939,2.93319,3.84648,48.83,0.05935,ANOMALY
0.265888,0.014517,0.265492,0.070486,0.889017,-0.591057,1.480075,2.401435,3.343576,48.83,0.052721,ANOMALY
0.283766,0.024079,0.282742,0.079943,1.062738,-0.651757,1.714496,3.030655,3.745127,48.83,0.06011,ANOMALY
0.268723,0.017484,0.268153,0.071906,0.823766,-0.632139,1.455905,2.488955,3.065488,48.83,0.054582,ANOMALY
0.263086,0.014718,0.262674,0.068998,0.871892,-0.615404,1.487296,2.372919,3.314091,48.83,0.053581,ANOMALY
0.278275,0.024409,0.277202,0.076841,1.050224,-0.585601,1.635825,2.87371,3.774052,48.83,0.05865,ANOMALY
0.276235,0.024338,0.275161,0.075713,1.020072,-0.646604,1.666676,2.813961,3.692766,48.83,0.058316,ANOMALY
0.276202,0.020846,0.275415,0.075853,1.02062,-0.639906,1.660527,2.720135,3.695188,48.83,0.055918,ANOMALY
0.268583,0.017453,0.268016,0.071832,0.80436,-0.633681,1.43804,2.47301,2.994823,48.83,0.054447,ANOMALY
0.275932,0.023186,0.274956,0.075601,1.094934,-0.595296,1.690231,2.837954,3.968132,48.83,0.056888,ANOMALY
0.279816,0.025925,0.278613,0.077625,1.026749,-0.654937,1.681686,2.87857,3.669369,48.83,0.06195,ANOMALY
0.267938,0.019251,0.267245,0.07142,0.928197,-0.63053,1.558727,2.464129,3.464224,48.83,0.054099,ANOMALY
0.267786,0.014323,0.267403,0.071504,0.890982,-0.664795,1.555777,2.434465,3.327216,48.83,0.055311,ANOMALY
0.282115,0.026629,0.280856,0.07888,1.159829,-0.59375,1.753579,3.189234,4.11119,48.83,0.058793,ANOMALY
0.271299,0.018208,0.270687,0.073271,0.998548,-0.616294,1.614841,2.620358,3.680623,48.83,0.054655,ANOMALY
0.272149,0.021826,0.271273,0.073589,1.001711,-0.667144,1.668855,2.692493,3.68074,48.83,0.055589,ANOMALY
0.26382,0.016629,0.263296,0.069325,0.863999,-0.627025,1.491023,2.457956,3.274951,48.83,0.053428,ANOMALY
0.283784,0.026672,0.282528,0.079822,1.072755,-0.622717,1.695472,3.023792,3.780179,48.83,0.059861,ANOMALY
0.268766,0.018113,0.268155,0.071907,0.85937,-0.62622,1.48559,2.42812,3.197464,48.83,0.054382,ANOMALY
0.274264,0.021206,0.273443,0.074771,0.999268,-0.619899,1.619167,2.579757,3.643451,48.83,0.058353,ANOMALY
0.283192,0.027448,0.281859,0.079444,1.103333,-0.593018,1.696351,2.989627,3.89606,48.83,0.059233,ANOMALY
0.27601,0.024013,0.274964,0.075605,1.038899,-0.653424,1.692323,2.719086,3.76399,48.83,0.057299,ANOMALY
0.26923,0.018247,0.268611,0.072152,0.931343,-0.597801,1.529143,2.67255,3.459285,48.83,0.054202,ANOMALY
0.272055,0.021534,0.271202,0.07355,1.039659,-0.617754,1.657413,2.672661,3.821498,48.83,0.054579,ANOMALY
0.265218,0.015739,0.264751,0.070093,0.866917,-0.639082,1.505999,2.369933,3.268694,48.83,0.054413,ANOMALY
0.27095,0.017953,0.270355,0.073092,0.929755,-0.720981,1.650737,2.510622,3.431464,48.83,0.056392,ANOMALY
0.278898,0.025896,0.277693,0.077113,0.972038,-0.63703,1.609069,2.756463,3.485283,48.83,0.059578,ANOMALY
0.279904,0.023932,0.278879,0.077774,1.029572,-0.606411,1.635983,2.917527,3.678305,48.83,0.059243,ANOMALY
0.266721,0.015593,0.266265,0.070897,0.96887,-0.611334,1.580204,2.497696,3.632515,48.83,0.052928,ANOMALY
0.281337,0.02643,0.280093,0.078452,1.09538,-0.609108,1.704488,2.907639,3.893477,48.83,0.060297,ANOMALY
0.27189,0.022245,0.270979,0.073429,0.977184,-0.636511,1.613695,2.517973,3.594041,48.83,0.054573,ANOMALY
0.284899,0.028153,0.283505,0.080375,1.122399,-0.638252,1.760651,2.960087,3.939637,48.83,0.060357,ANOMALY
0.276078,0.02542,0.274905,0.075573,0.993543,-0.662,1.655544,2.601259,3.598776,48.83,0.057556,ANOMALY
0.272504,0.022436,0.271578,0.073755,1.04311,-0.590921,1.634031,2.711046,3.827875,48.83,0.055071,ANOMALY
0.266792,0.019844,0.266053,0.070784,0.858026,-0.63957,1.497596,2.431943,3.21608,48.83,0.05561,ANOMALY
0.269033,0.020093,0.268281,0.071975,0.954851,-0.594903,1.549754,2.585976,3.5492,48.83,0.05607,ANOMALY
0.280903,0.026791,0.279622,0.078188,1.067171,-0.637679,1.70485,3.007752,3.799079,48.83,0.05893,ANOMALY
0.284066,0.027554,0.282727,0.079934,1.127172,-0.650283,1.777456,3.138564,3.967993,48.83,0.060627,ANOMALY
0.270038,0.017707,0.269457,0.072607,0.98384,-0.639725,1.623565,2.653802,3.64334,48.83,0.054381,ANOMALY
0.265743,0.01667,0.265219,0.070341,0.797113,-0.670111,1.467224,2.383588,2.999568,48.83,0.054478,ANOMALY
0.271074,0.016136,0.270593,0.073221,0.986266,-0.653784,1.64005,2.592874,3.638366,48.83,0.054519,ANOMALY
0.281145,0.028133,0.279734,0.078251,1.133487,-0.608529,1.742016,2.91874,4.031674,48.83,0.058329,ANOMALY
0.286359,0.02649,0.285131,0.0813,1.072959,-0.657233,1.730193,2.964967,3.746901,48.83,0.060826,ANOMALY
0.278285,0.024846,0.277174,0.076825,0.98247,-0.629428,1.611898,2.910336,3.530444,48.83,0.056959,ANOMALY
0.271222,0.017497,0.270657,0.073255,0.882456,-0.615968,1.498424,2.515427,3.253628,48.83,0.054976,ANOMALY
0.269235,0.020005,0.268491,0.072087,0.843423,-0.628458,1.471881,2.475633,3.132662,48.83,0.05497,ANOMALY
0.267694,0.017864,0.267097,0.071341,0.898536,-0.591171,1.489707,2.45895,3.356579,48.83,0.054687,ANOMALY
0.275556,0.022086,0.27467,0.075443,1.046006,-0.707823,1.75383,2.75892,3.795979,48.83,0.055563,ANOMALY
0.278827,0.025258,0.277681,0.077106,0.978453,-0.636264,1.614717,2.720255,3.509178,48.83,0.056724,ANOMALY
0.264424,0.01488,0.264005,0.069699,0.705927,-0.62821,1.334137,2.338854,2.669676,48.83,0.053378,ANOMALY
0.285163,0.027745,0.28381,0.080548,1.074262,-0.693205,1.767467,3.132614,3.767183,48.83,0.06185,ANOMALY
0.278698,0.028846,0.277201,0.07684,1.084903,-0.610869,1.695772,2.770252,3.892758,48.83,0.059597,ANOMALY
0.26601,0.016034,0.265526,0.070504,0.867544,-0.611248,1.478791,2.356444,3.261322,48.83,0.054125,ANOMALY
0.271572,0.023733,0.270533,0.073188,0.990551,-0.616668,1.607219,2.749623,3.647471,48.83,0.054351,ANOMALY
0.277571,0.019367,0.276895,0.076671,1.045412,-0.625761,1.671174,2.84979,3.766283,48.83,0.059806,ANOMALY
0.283073,0.026813,0.2818,0.079411,1.178503,-0.623964,1.802467,3.003761,4.163248,48.83,0.060666,ANOMALY
0.26544,0.018975,0.264761,0.070098,0.922486,-0.576982,1.499468,2.511282,3.475308,48.83,0.051767,ANOMALY
0.283763,0.026438,0.282529,0.079822,1.198917,-0.691484,1.890401,3.087712,4.225066,48.83,0.059638,ANOMALY
0.282426,0.027119,0.281121,0.079029,1.04479,-0.62794,1.67273,2.906062,3.699337,48.83,0.058084,ANOMALY
0.283621,0.024688,0.282544,0.079831,1.078855,-0.59433,1.673184,2.939716,3.803863,48.83,0.059429,ANOMALY
0.276466,0.021473,0.275631,0.075972,1.093755,-0.637382,1.731137,2.764376,3.956203,48.83,0.057574,ANOMALY
0.26997,0.025755,0.268739,0.072221,0.97998,-0.632882,1.612863,2.587299,3.629956,48.83,0.053974,ANOMALY
0.283519,0.027486,0.282184,0.079628,1.037182,-0.659522,1.696704,2.990546,3.658241,48.83,0.058903,ANOMALY
0.274858,0.021895,0.273985,0.075068,1.027332,-0.623825,1.651156,2.682736,3.73768,48.83,0.05752,ANOMALY
0.274062,0.01875,0.27342,0.074758,1.001381,-0.621548,1.622929,2.60338,3.65385,48.83,0.05514,ANOMALY
0.277785,0.021729,0.276934,0.076692,1.10462,-0.61644,1.72106,3.001629,3.976529,48.83,0.055477,ANOMALY
0.265466,0.016521,0.264951,0.070199,0.845329,-0.654323,1.499652,2.446717,3.184325,48.83,0.05444,ANOMALY
0.284406,0.029742,0.282847,0.080002,1.118626,-0.607356,1.725981,2.99451,3.9332,48.83,0.060283,ANOMALY
0.271108,0.019137,0.270432,0.073133,0.904373,-0.614428,1.518802,2.494166,3.335839,48.83,0.055797,ANOMALY
0.27377,0.019146,0.273099,0.074583,0.990548,-0.604454,1.595002,2.633837,3.618182,48.83,0.056787,ANOMALY
0.278252,0.027965,0.276843,0.076642,0.980527,-0.587292,1.567818,2.687151,3.523878,48.83,0.058459,ANOMALY
0.271152,0.02259,0.27021,0.073013,0.914924,-0.659954,1.574878,2.667443,3.374207,48.83,0.05497,ANOMALY
0.28802,0.030496,0.286401,0.082026,1.121405,-0.638665,1.76007,3.132002,3.893497,48.83,0.062104,ANOMALY
0.265751,0.019952,0.265001,0.070226,0.872527,-0.609501,1.482028,2.403667,3.283243,48.83,0.053682,ANOMALY
0.269168,0.019537,0.268458,0.07207,0.925115,-0.627843,1.552959,2.663914,3.436949,48.83,0.055702,ANOMALY
0.264155,0.016301,0.263652,0.069512,0.837975,-0.647007,1.484982,2.435566,3.172286,48.83,0.053473,ANOMALY
0.281309,0.025832,0.280121,0.078468,1.017427,-0.595707,1.613135,2.951809,3.616756,48.83,0.057999,ANOMALY
0.272312,0.019075,0.271643,0.07379,0.981479,-0.620969,1.602448,2.542527,3.604244,48.83,0.055183,ANOMALY
0.714718,0.147407,0.699351,0.489092,2.470767,-1.32078,3.791547,3.188963,3.456983,48.83,0.354408,POSSIBLE FAULT
0.644994,0.104225,0.636518,0.405155,2.141553,-1.276111,3.417663,2.718691,3.320265,48.83,0.306131,POSSIBLE FAULT
0.657457,0.106868,0.648713,0.420829,2.366467,-1.425775,3.792242,2.872755,3.599427,48.83,0.322865,POSSIBLE FAULT
0.66364,0.125823,0.651603,0.424586,2.301499,-1.386092,3.687591,2.85608,3.467996,48.83,0.33113,POSSIBLE FAULT
0.688992,0.117449,0.678907,0.460915,2.708415,-1.349207,4.057622,3.261566,3.930983,48.83,0.337036,POSSIBLE FAULT
0.637685,0.093676,0.630767,0.397867,2.124602,-1.445185,3.569787,2.666653,3.331743,48.83,0.29467,POSSIBLE FAULT
0.676623,0.128727,0.664265,0.441248,2.329138,-1.343479,3.672616,2.831313,3.442297,48.83,0.330345,POSSIBLE FAULT
0.719073,0.137927,0.705721,0.498042,2.591474,-1.314285,3.905759,3.322041,3.603908,48.83,0.409837,POSSIBLE FAULT
0.625144,0.092775,0.618221,0.382197,2.003014,-1.311023,3.314037,2.59453,3.204087,48.83,0.294158,POSSIBLE FAULT
0.684885,0.119389,0.674399,0.454814,2.441359,-1.335149,3.776508,3.050842,3.564624,48.83,0.323129,POSSIBLE FAULT
0.651876,0.107572,0.642939,0.41337,2.367389,-1.259659,3.627048,2.896226,3.631658,48.83,0.307804,POSSIBLE FAULT
0.664099,0.112952,0.654423,0.428269,2.355039,-1.332556,3.687595,3.015689,3.546219,48.83,0.323348,POSSIBLE FAULT
0.618575,0.089761,0.612028,0.374578,1.868401,-1.311837,3.180238,2.540958,3.020491,48.83,0.276296,POSSIBLE FAULT
0.624351,0.092686,0.617433,0.381223,2.08983,-1.225067,3.314898,2.492948,3.347206,48.83,0.280324,POSSIBLE FAULT
0.668005,0.117371,0.657613,0.432454,2.35449,-1.317059,3.671549,2.913379,3.524661,48.83,0.321911,POSSIBLE FAULT
0.714153,0.150189,0.698181,0.487457,2.491758,-1.426788,3.918546,2.863202,3.489111,48.83,0.358718,POSSIBLE FAULT
0.636199,0.093024,0.629361,0.396095,2.062245,-1.289555,3.351799,2.661323,3.241511,48.83,0.30395,POSSIBLE FAULT
0.627206,0.093449,0.620206,0.384655,2.021405,-1.322911,3.344316,2.699992,3.222871,48.83,0.28679,POSSIBLE FAULT
0.709359,0.13704,0.695996,0.484411,2.569704,-1.473504,4.043208,3.336936,3.62257,48.83,0.360518,POSSIBLE FAULT
0.690783,0.12483,0.679411,0.461599,2.4135,-1.458163,3.871662,2.912109,3.49386,48.83,0.349844,POSSIBLE FAULT
0.678481,0.119245,0.66792,0.446117,2.516426,-1.221847,3.738274,3.097038,3.708914,48.83,0.315686,POSSIBLE FAULT
0.719048,0.148334,0.703581,0.495027,2.604403,-1.323911,3.928313,3.302594,3.622016,48.83,0.369894,POSSIBLE FAULT
0.665148,0.116026,0.65495,0.428959,2.171439,-1.353322,3.524761,2.812302,3.264597,48.83,0.329941,POSSIBLE FAULT
0.623401,0.091154,0.616701,0.38032,2.065293,-1.36258,3.427873,2.637567,3.312947,48.83,0.294011,POSSIBLE FAULT
0.693345,0.13577,0.679922,0.462294,2.359635,-1.33605,3.695685,2.952217,3.403263,48.83,0.367736,POSSIBLE FAULT
0.662896,0.117277,0.65244,0.425677,2.326047,-1.292033,3.61808,2.861282,3.508916,48.83,0.32172,POSSIBLE FAULT
0.671862,0.115089,0.661931,0.438153,2.242248,-1.406669,3.648917,2.949004,3.337364,48.83,0.342899,POSSIBLE FAULT
0.702148,0.130988,0.689822,0.475854,2.532231,-1.458664,3.990895,3.31599,3.606406,48.83,0.35348,POSSIBLE FAULT
0.64231,0.095713,0.635139,0.403401,2.030622,-1.284793,3.315415,2.653652,3.161434,48.83,0.297932,POSSIBLE FAULT
0.664778,0.112706,0.655155,0.429228,2.309174,-1.296334,3.605508,2.80797,3.4736,48.83,0.322471,POSSIBLE FAULT
0.642854,0.097276,0.635451,0.403798,2.214415,-1.418984,3.633399,2.655217,3.444664,48.83,0.314409,POSSIBLE FAULT
0.636159,0.098223,0.62853,0.39505,2.315613,-1.246945,3.562558,2.78009,3.639992,48.83,0.302914,POSSIBLE FAULT
0.695997,0.129545,0.683835,0.467631,2.443719,-1.366758,3.810478,3.100623,3.511104,48.83,0.358789,POSSIBLE FAULT
0.641898,0.103268,0.633537,0.401369,2.070205,-1.215909,3.286115,2.545662,3.22513,48.83,0.302176,POSSIBLE FAULT
0.633846,0.092922,0.626998,0.393127,2.17249,-1.367147,3.539637,2.793657,3.427471,48.83,0.306705,POSSIBLE FAULT
0.714563,0.151315,0.698359,0.487705,2.383527,-1.459968,3.843495,2.994604,3.335642,48.83,0.363023,POSSIBLE FAULT
0.64254,0.10069,0.634601,0.402719,2.269055,-1.269551,3.538606,2.784003,3.531385,48.83,0.31152,POSSIBLE FAULT
0.624958,0.093925,0.61786,0.381751,2.089482,-1.321106,3.410588,2.766157,3.343395,48.83,0.284612,POSSIBLE FAULT
0.720606,0.156135,0.703488,0.494895,2.554671,-1.425465,3.980136,3.083396,3.545171,48.83,0.378405,POSSIBLE FAULT
0.661615,0.107447,0.652832,0.42619,2.425606,-1.352524,3.77813,3.044537,3.666188,48.83,0.324791,POSSIBLE FAULT
0.71858,0.142502,0.704309,0.49605,2.66374,-1.337449,4.001189,3.391438,3.706949,48.83,0.363895,POSSIBLE FAULT
0.671982,0.12165,0.660879,0.436762,2.260625,-1.263792,3.524417,2.90533,3.364112,48.83,0.34443,POSSIBLE FAULT
0.671871,0.118883,0.66127,0.437278,2.372999,-1.388237,3.761236,2.893145,3.531926,48.83,0.332961,POSSIBLE FAULT
0.626527,0.089962,0.620035,0.384443,2.110528,-1.347167,3.457696,2.657501,3.368614,48.83,0.284491,POSSIBLE FAULT
0.624951,0.095949,0.617542,0.381358,2.243501,-1.285047,3.528548,2.641679,3.589881,48.83,0.293888,POSSIBLE FAULT
0.676902,0.111113,0.66772,0.44585,2.57474,-1.316328,3.891068,3.130482,3.803713,48.83,0.333732,POSSIBLE FAULT
0.648283,0.102665,0.640102,0.409731,2.145529,-1.271805,3.417334,2.802025,3.309555,48.83,0.313275,POSSIBLE FAULT
0.664331,0.127185,0.652043,0.42516,2.295141,-1.29032,3.585462,3.023023,3.454814,48.83,0.342539,POSSIBLE FAULT
0.672575,0.131197,0.659655,0.435145,2.490228,-1.358327,3.848554,2.94864,3.702526,48.83,0.317679,POSSIBLE FAULT
0.679724,0.118827,0.669257,0.447905,2.291465,-1.288525,3.57999,2.906319,3.371169,48.83,0.351601,POSSIBLE FAULT
0.670794,0.113232,0.661168,0.437143,2.299022,-1.29429,3.593312,2.946203,3.427315,48.83,0.337389,POSSIBLE FAULT
0.66703,0.11136,0.657669,0.432528,2.46241,-1.38046,3.84287,2.862684,3.691602,48.83,0.330992,POSSIBLE FAULT
0.709436,0.134014,0.696663,0.485339,2.572599,-1.305765,3.878364,3.103388,3.626261,48.83,0.378088,POSSIBLE FAULT
0.705352,0.146855,0.689895,0.475955,2.581756,-1.42821,4.009966,3.07659,3.660238,48.83,0.366199,POSSIBLE FAULT
0.647187,0.096534,0.639947,0.409533,2.187687,-1.34141,3.529097,2.718638,3.380299,48.83,0.305984,POSSIBLE FAULT
0.625249,0.090917,0.618603,0.38267,2.046153,-1.442592,3.488745,2.714196,3.272542,48.83,0.291143,POSSIBLE FAULT
0.67265,0.11213,0.663238,0.439885,2.289428,-1.250911,3.540339,3.005296,3.403595,48.83,0.320413,POSSIBLE FAULT
0.683472,0.1238,0.672166,0.451808,2.408125,-1.323108,3.731233,2.901562,3.52337,48.83,0.334561,POSSIBLE FAULT
0.700385,0.127093,0.688758,0.474387,2.427381,-1.255764,3.683145,2.885802,3.465779,48.83,0.358561,POSSIBLE FAULT
0.664999,0.113342,0.655269,0.429377,2.421781,-1.383895,3.805676,2.955348,3.641783,48.83,0.317526,POSSIBLE FAULT
0.647647,0.103597,0.639308,0.408714,2.249718,-1.293106,3.542824,2.852227,3.473679,48.83,0.315358,POSSIBLE FAULT
0.669026,0.117177,0.658685,0.433865,2.445873,-1.317361,3.763234,2.949314,3.655872,48.83,0.331163,POSSIBLE FAULT
0.722797,0.138389,0.709425,0.503283,2.643733,-1.383803,4.027536,3.310562,3.657644,48.83,0.370161,POSSIBLE FAULT
0.677045,0.118958,0.666512,0.444239,2.427489,-1.356152,3.783641,3.041776,3.585418,48.83,0.345751,POSSIBLE FAULT
0.637011,0.097613,0.629488,0.396255,1.923977,-1.410595,3.334572,2.535575,3.020319,48.83,0.297804,POSSIBLE FAULT
0.63892,0.099207,0.631171,0.398376,2.016002,-1.266486,3.282488,2.610752,3.155329,48.83,0.297548,POSSIBLE FAULT
0.703397,0.134227,0.690471,0.476751,2.548178,-1.212144,3.760322,3.211201,3.622673,48.83,0.360165,POSSIBLE FAULT
0.627823,0.096629,0.620342,0.384824,2.245239,-1.293654,3.538893,2.736136,3.57623,48.83,0.28969,POSSIBLE FAULT
0.719887,0.140094,0.706123,0.49861,2.506034,-1.321595,3.827629,3.329501,3.481151,48.83,0.389904,POSSIBLE FAULT
0.662363,0.119376,0.651517,0.424474,2.426238,-1.312138,3.738376,2.754242,3.663001,48.83,0.330265,POSSIBLE FAULT
0.697078,0.129007,0.685036,0.469275,2.564097,-1.335005,3.899102,3.167918,3.678352,48.83,0.358617,POSSIBLE FAULT
0.62247,0.081688,0.617087,0.380797,2.012607,-1.348403,3.36101,2.486365,3.233256,48.83,0.284876,POSSIBLE FAULT
0.71899,0.145992,0.704012,0.495633,2.579409,-1.361185,3.940594,3.231518,3.587543,48.83,0.375827,POSSIBLE FAULT
0.625535,0.080355,0.620352,0.384837,2.094885,-1.306093,3.400978,2.52808,3.348951,48.83,0.299393,POSSIBLE FAULT
0.622257,0.081464,0.616901,0.380567,2.227701,-1.344206,3.571907,2.583277,3.580034,48.83,0.29019,POSSIBLE FAULT
0.709015,0.131757,0.696665,0.485342,2.499897,-1.287929,3.787827,3.146667,3.525875,48.83,0.359897,POSSIBLE FAULT
0.700128,0.145164,0.684913,0.469106,2.313928,-1.356961,3.67089,2.85325,3.305009,48.83,0.337919,POSSIBLE FAULT
0.690879,0.140872,0.676365,0.457469,2.441536,-1.260971,3.702507,3.049782,3.533955,48.83,0.349836,POSSIBLE FAULT
0.65304,0.122054,0.641532,0.411564,2.322855,-1.29484,3.617695,2.886106,3.556988,48.83,0.318052,POSSIBLE FAULT
0.631157,0.091365,0.624509,0.390012,2.074418,-1.304158,3.378576,2.67549,3.28669,48.83,0.292335,POSSIBLE FAULT
0.625172,0.092445,0.618299,0.382293,2.150117,-1.421796,3.571913,2.797811,3.439242,48.83,0.295644,POSSIBLE FAULT
0.67868,0.136209,0.664871,0.442053,2.44119,-1.388033,3.829224,2.907269,3.59697,48.83,0.340417,POSSIBLE FAULT
0.627363,0.094879,0.620148,0.384583,2.169538,-1.31591,3.485448,2.63286,3.458183,48.83,0.293678,POSSIBLE FAULT
0.730894,0.151142,0.715096,0.511362,2.745056,-1.283416,4.028471,3.349437,3.755751,48.83,0.388113,POSSIBLE FAULT
0.640359,0.100421,0.632436,0.399976,2.108565,-1.265341,3.373906,2.746305,3.292784,48.83,0.303696,POSSIBLE FAULT
0.636093,0.096704,0.628699,0.395263,2.214252,-1.295146,3.509398,2.816662,3.481019,48.83,0.294439,POSSIBLE FAULT
0.718326,0.157018,0.700954,0.491337,2.702525,-1.338574,4.041099,3.120678,3.762256,48.83,0.36979,POSSIBLE FAULT
0.695142,0.13463,0.681981,0.465098,2.38072,-1.40636,3.78708,2.980147,3.424794,48.83,0.353494,POSSIBLE FAULT
0.661519,0.1093,0.652427,0.425661,2.176188,-1.39248,3.568668,2.714394,3.289684,48.83,0.32369,POSSIBLE FAULT
0.706048,0.128518,0.694253,0.481987,2.419712,-1.465584,3.885296,3.201571,3.42712,48.83,0.36335,POSSIBLE FAULT
0.696983,0.138161,0.683152,0.466696,2.769359,-1.310444,4.079802,3.261429,3.973353,48.83,0.338241,POSSIBLE FAULT
0.712538,0.144724,0.697686,0.486766,2.600506,-1.314945,3.915451,3.322638,3.649637,48.83,0.377739,POSSIBLE FAULT
0.688324,0.126239,0.676649,0.457854,2.376414,-1.306559,3.682973,3.019587,3.452463,48.83,0.33791,POSSIBLE FAULT
0.702613,0.127757,0.690901,0.477344,2.605671,-1.280959,3.88663,3.320921,3.708543,48.83,0.368884,POSSIBLE FAULT
0.733944,0.1552,0.717347,0.514587,2.612854,-1.373227,3.986081,3.323014,3.560019,48.83,0.397576,POSSIBLE FAULT
0.730871,0.158787,0.713413,0.508959,2.615989,-1.301255,3.917244,3.179119,3.579277,48.83,0.379096,POSSIBLE FAULT
0.653586,0.097113,0.646331,0.417744,2.361725,-1.285542,3.647267,2.847713,3.613488,48.83,0.31631,POSSIBLE FAULT
0.752348,0.162378,0.734616,0.539661,2.583281,-1.390125,3.973406,3.26653,3.433626,48.83,0.39968,POSSIBLE FAULT
0.710824,0.134402,0.698002,0.487207,2.554484,-1.291486,3.84597,3.394212,3.593695,48.83,0.3886,POSSIBLE FAULT
0.669627,0.110882,0.660383,0.436105,2.245156,-1.429417,3.674573,2.900519,3.352846,48.83,0.336895,POSSIBLE FAULT
0.659546,0.108359,0.650584,0.42326,2.289497,-1.299525,3.589022,2.882883,3.47132,48.83,0.319493,POSSIBLE FAULT
0.696458,0.126978,0.684785,0.468931,2.49526,-1.338833,3.834093,3.079908,3.582785,48.83,0.359634,POSSIBLE FAULT
0.69838,0.140081,0.684187,0.468112,2.629517,-1.362664,3.99218,3.127194,3.765167,48.83,0.331344,POSSIBLE FAULT
0.703479,0.13135,0.691108,0.47763,2.489407,-1.37397,3.863377,3.25379,3.538707,48.83,0.35878,POSSIBLE FAULT
0.644184,0.097634,0.636743,0.405441,2.507179,-1.316248,3.823426,2.987599,3.89202,48.83,0.302945,POSSIBLE FAULT
0.675839,0.120287,0.665048,0.442289,2.328909,-1.344732,3.673641,2.962783,3.445954,48.83,0.323853,POSSIBLE FAULT
0.632301,0.083023,0.626826,0.392911,2.140322,-1.403007,3.543329,2.64186,3.384975,48.83,0.294723,POSSIBLE FAULT
0.656505,0.110712,0.647103,0.418742,2.258714,-1.349381,3.608095,2.796747,3.440511,48.83,0.32281,POSSIBLE FAULT
0.652399,0.100883,0.644552,0.415447,2.333985,-1.294889,3.628874,2.916704,3.577541,48.83,0.309254,POSSIBLE FAULT
0.715807,0.139256,0.702131,0.492987,2.559937,-1.435076,3.995014,3.174579,3.576296,48.83,0.379142,POSSIBLE FAULT
0.671948,0.114339,0.662149,0.438441,2.289654,-1.340801,3.630455,2.939664,3.407488,48.83,0.332504,POSSIBLE FAULT
0.671661,0.117118,0.661371,0.437411,2.445072,-1.310331,3.755403,3.067927,3.640339,48.83,0.342635,POSSIBLE FAULT
0.663438,0.108171,0.65456,0.428449,2.317922,-1.337049,3.654971,2.899056,3.493805,48.83,0.314179,POSSIBLE FAULT
0.654947,0.112348,0.645239,0.416333,2.361991,-1.308489,3.670479,2.867189,3.606385,48.83,0.319228,POSSIBLE FAULT
0.686856,0.130354,0.674374,0.45478,2.395274,-1.301158,3.696431,3.13533,3.487299,48.83,0.332016,POSSIBLE FAULT
0.694167,0.132946,0.681317,0.464193,2.578228,-1.214696,3.792924,3.062748,3.714131,48.83,0.336515,POSSIBLE FAULT
0.679455,0.119788,0.668812,0.447309,2.301344,-1.364234,3.665577,2.878606,3.387045,48.83,0.335814,POSSIBLE FAULT
0.711473,0.137478,0.698064,0.487294,2.608237,-1.271641,3.879878,3.407686,3.665968,48.83,0.363359,POSSIBLE FAULT
0.700743,0.132543,0.688094,0.473473,2.506381,-1.450234,3.956614,3.218117,3.576747,48.83,0.347003,POSSIBLE FAULT
0.636106,0.091941,0.629426,0.396178,2.141198,-1.285927,3.427125,2.803849,3.366102,48.83,0.303197,POSSIBLE FAULT
0.674262,0.113421,0.664654,0.441765,2.470383,-1.328586,3.798968,2.984909,3.663833,48.83,0.348312,POSSIBLE FAULT
0.62663,0.087683,0.620465,0.384977,2.014435,-1.271921,3.286355,2.550304,3.214709,48.83,0.289945,POSSIBLE FAULT
0.625093,0.085694,0.619191,0.383398,2.189415,-1.397423,3.586838,2.719479,3.502542,48.83,0.288673,POSSIBLE FAULT
0.687619,0.143108,0.672562,0.45234,2.427809,-1.362235,3.790044,3.039892,3.530748,48.83,0.353642,POSSIBLE FAULT
0.711997,0.144542,0.697171,0.486047,2.557996,-1.368962,3.926958,3.272741,3.592706,48.83,0.371179,POSSIBLE FAULT
0.706074,0.136336,0.692786,0.479953,2.516507,-1.37645,3.892957,3.298729,3.564083,48.83,0.344021,POSSIBLE FAULT
0.71161,0.141228,0.697455,0.486443,2.515376,-1.346737,3.862113,3.271429,3.534769,48.83,0.355861,POSSIBLE FAULT
0.628885,0.099149,0.62102,0.385666,2.165923,-1.307686,3.473609,2.637101,3.444069,48.83,0.286638,POSSIBLE FAULT
0.671644,0.115047,0.661717,0.43787,2.274673,-1.31612,3.590793,2.941046,3.386725,48.83,0.327755,POSSIBLE FAULT
0.643537,0.098801,0.635907,0.404378,2.331807,-1.259084,3.590891,2.867147,3.623423,48.83,0.299496,POSSIBLE FAULT
0.679789,0.122549,0.668651,0.447095,2.257985,-1.282401,3.540386,2.85772,3.321598,48.83,0.342421,POSSIBLE FAULT
0.722932,0.154944,0.706133,0.498624,2.606799,-1.262129,3.868928,3.248655,3.605868,48.83,0.384382,POSSIBLE FAULT
0.636653,0.10097,0.628595,0.395132,2.144792,-1.277726,3.422518,2.698978,3.368856,48.83,0.313201,POSSIBLE FAULT
0.672896,0.121932,0.661756,0.437921,2.29227,-1.326236,3.618505,2.989149,3.406575,48.83,0.334821,POSSIBLE FAULT
0.707771,0.144134,0.692939,0.480165,2.554743,-1.295785,3.850528,3.263212,3.609563,48.83,0.370045,POSSIBLE FAULT
0.636078,0.090836,0.629559,0.396345,2.133612,-1.268314,3.401926,2.454908,3.354322,48.83,0.295401,POSSIBLE FAULT
0.730676,0.146317,0.715876,0.512479,2.661881,-1.360398,4.022279,3.28801,3.643038,48.83,0.37884,POSSIBLE FAULT
0.657191,0.10208,0.649215,0.42148,2.231971,-1.332396,3.564367,2.871906,3.396227,48.83,0.314589,POSSIBLE FAULT
0.624647,0.08837,0.618364,0.382374,1.92698,-1.316597,3.243577,2.532789,3.08491,48.83,0.29496,POSSIBLE FAULT
0.635454,0.093106,0.628596,0.395133,2.0171,-1.330302,3.347402,2.600832,3.174266,48.83,0.30485,POSSIBLE FAULT
0.714451,0.138904,0.700817,0.491145,2.577064,-1.329126,3.90619,3.180738,3.607058,48.83,0.377402,POSSIBLE FAULT
0.642528,0.098457,0.634939,0.403148,2.138192,-1.288686,3.426878,2.65338,3.327782,48.83,0.304051,POSSIBLE FAULT
0.717441,0.137458,0.704149,0.495826,2.526201,-1.319373,3.845574,3.28016,3.521129,48.83,0.378218,POSSIBLE FAULT
0.710704,0.129906,0.69873,0.488224,2.583686,-1.313694,3.89738,3.242312,3.635392,48.83,0.35585,POSSIBLE FAULT
0.682198,0.129215,0.669849,0.448698,2.298755,-1.332398,3.631153,2.98258,3.369631,48.83,0.339316,POSSIBLE FAULT
0.627923,0.093549,0.620915,0.385536,2.074501,-1.292677,3.367178,2.62569,3.303752,48.83,0.293169,POSSIBLE FAULT
0.666307,0.116387,0.656063,0.430419,2.260179,-1.259072,3.519251,2.837481,3.392098,48.83,0.309621,POSSIBLE FAULT
0.669937,0.123974,0.658366,0.433446,2.299043,-1.313329,3.612373,2.88387,3.431733,48.83,0.337553,POSSIBLE FAULT
0.688729,0.131578,0.676044,0.457035,2.506985,-1.302814,3.809799,2.881183,3.640016,48.83,0.34104,POSSIBLE FAULT
0.657274,0.10479,0.648867,0.421028,2.289531,-1.315106,3.604638,2.835382,3.483376,48.83,0.327399,POSSIBLE FAULT
0.727675,0.142388,0.713608,0.509237,2.625042,-1.309772,3.934814,3.364953,3.607437,48.83,0.39435,POSSIBLE FAULT
0.690393,0.115715,0.680627,0.463253,2.333263,-1.312043,3.645306,3.155078,3.379614,48.83,0.362905,POSSIBLE FAULT
0.665093,0.113192,0.65539,0.429536,2.344573,-1.336027,3.6806,2.87497,3.525179,48.83,0.319783,POSSIBLE FAULT
0.686452,0.130708,0.673893,0.454132,2.449987,-1.342975,3.792962,3.046477,3.569057,48.83,0.349374,POSSIBLE FAULT
0.626033,0.097448,0.618402,0.382421,2.156601,-1.256404,3.413004,2.693803,3.444868,48.83,0.287484,POSSIBLE FAULT
0.630472,0.100116,0.622472,0.387471,2.154248,-1.368275,3.522522,2.743724,3.416883,48.83,0.297914,POSSIBLE FAULT
0.717783,0.141964,0.703604,0.495059,2.588728,-1.401569,3.990297,3.249867,3.606559,48.83,0.38716,POSSIBLE FAULT
0.643256,0.093873,0.636369,0.404966,2.199747,-1.277324,3.477071,2.628081,3.419709,48.83,0.311816,POSSIBLE FAULT
0.627318,0.094267,0.620195,0.384642,2.030227,-1.370248,3.400475,2.52299,3.23636,48.83,0.280699,POSSIBLE FAULT
0.640863,0.098309,0.633277,0.40104,2.087556,-1.371468,3.459024,2.813649,3.257416,48.83,0.313815,POSSIBLE FAULT
0.702346,0.125503,0.691042,0.477539,2.425894,-1.332021,3.757915,3.461157,3.453986,48.83,0.35972,POSSIBLE FAULT
0.713615,0.151529,0.697341,0.486285,2.473064,-1.364388,3.837452,3.147158,3.465545,48.83,0.369915,POSSIBLE FAULT
0.735414,0.152689,0.719389,0.51752,2.434991,-1.352486,3.787477,3.194842,3.311046,48.83,0.40396,POSSIBLE FAULT
0.7074,0.142807,0.692835,0.48002,2.582483,-1.318354,3.900836,3.236547,3.65067,48.83,0.366041,POSSIBLE FAULT
0.624546,0.083705,0.618911,0.383051,2.058564,-1.354812,3.413376,2.465701,3.296097,48.83,0.289403,POSSIBLE FAULT
0.65167,0.105587,0.643059,0.413525,2.239371,-1.337203,3.576574,2.821987,3.436358,48.83,0.303656,POSSIBLE FAULT
0.638485,0.097081,0.631061,0.398238,2.083811,-1.283558,3.367369,2.649842,3.263682,48.83,0.313578,POSSIBLE FAULT
0.627036,0.094158,0.619926,0.384308,2.066555,-1.342544,3.409099,2.626629,3.295753,48.83,0.29564,POSSIBLE FAULT
0.694908,0.139416,0.680779,0.463461,2.497747,-1.475077,3.972824,3.176445,3.594354,48.83,0.360214,POSSIBLE FAULT
0.655003,0.108876,0.64589,0.417174,2.05124,-1.376597,3.427837,2.767357,3.131652,48.83,0.306186,POSSIBLE FAULT
0.717721,0.152151,0.701408,0.491973,2.664664,-1.31679,3.981454,3.204764,3.712674,48.83,0.380373,POSSIBLE FAULT
0.661709,0.118193,0.651068,0.42389,2.375699,-1.267117,3.642817,2.906394,3.590246,48.83,0.3144,POSSIBLE FAULT
0.697223,0.137376,0.683555,0.467247,2.61589,-1.361677,3.977567,2.947944,3.751872,48.83,0.340774,POSSIBLE FAULT
0.63867,0.099891,0.63081,0.397921,2.200719,-1.453528,3.654248,2.731919,3.445787,48.83,0.29431,POSSIBLE FAULT
0.689947,0.137271,0.676154,0.457184,2.485372,-1.37645,3.861822,2.916378,3.602265,48.83,0.328622,POSSIBLE FAULT
0.619955,0.092671,0.61299,0.375757,2.079321,-1.315994,3.395315,2.649172,3.353985,48.83,0.285532,POSSIBLE FAULT
0.616592,0.080289,0.611342,0.373739,2.09488,-1.412328,3.507208,2.564477,3.397514,48.83,0.28166,POSSIBLE FAULT
0.747747,0.160348,0.730352,0.533414,2.665525,-1.341475,4.007,3.341335,3.564742,48.83,0.390743,POSSIBLE FAULT
0.722518,0.138996,0.709022,0.502712,2.640377,-1.338978,3.979354,3.231084,3.654411,48.83,0.370857,POSSIBLE FAULT
0.705817,0.127724,0.694165,0.481864,2.442849,-1.412634,3.855483,3.13106,3.461022,48.83,0.338071,POSSIBLE FAULT
0.721518,0.145632,0.706668,0.49938,2.511672,-1.253597,3.76527,3.233468,3.481093,48.83,0.373311,POSSIBLE FAULT
0.65648,0.11778,0.645828,0.417094,2.369866,-1.365477,3.735343,2.850189,3.609959,48.83,0.30985,POSSIBLE FAULT
0.640397,0.098676,0.632749,0.400371,2.169809,-1.391299,3.561108,2.622854,3.388225,48.83,0.30072,POSSIBLE FAULT
0.691843,0.129066,0.679698,0.461989,2.345309,-1.358341,3.70365,3.127535,3.389942,48.83,0.331168,POSSIBLE FAULT
0.626442,0.09396,0.619355,0.3836,2.060292,-1.352182,3.412473,2.52193,3.288881,48.83,0.286668,POSSIBLE FAULT
0.708992,0.140634,0.694904,0.482892,2.608564,-1.336895,3.945459,3.143602,3.679255,48.83,0.366383,POSSIBLE FAULT
0.657479,0.115404,0.647272,0.418961,2.147531,-1.362342,3.509873,2.643813,3.26631,48.83,0.311378,POSSIBLE FAULT
0.642625,0.09637,0.635358,0.40368,1.964351,-1.445,3.409352,2.603448,3.056761,48.83,0.309736,POSSIBLE FAULT
0.637884,0.105555,0.62909,0.395755,2.159924,-1.385821,3.545745,2.630931,3.386073,48.83,0.30318,POSSIBLE FAULT
0.645093,0.111892,0.635315,0.403626,2.261774,-1.319768,3.581543,2.893414,3.506119,48.83,0.30532,POSSIBLE FAULT
0.64934,0.097433,0.641988,0.412149,2.162103,-1.399802,3.561905,2.824128,3.329694,48.83,0.306857,POSSIBLE FAULT
0.6877,0.126865,0.675896,0.456836,2.459047,-1.295495,3.754542,2.927476,3.575758,48.83,0.336406,POSSIBLE FAULT
0.730273,0.145625,0.715605,0.512091,2.550012,-1.347039,3.897051,3.379983,3.491863,48.83,0.390554,POSSIBLE FAULT
0.694775,0.122135,0.683956,0.467796,2.377726,-1.364149,3.741875,3.173722,3.422294,48.83,0.338088,POSSIBLE FAULT
0.68761,0.122462,0.676617,0.45781,2.553426,-1.316799,3.870226,3.237052,3.713482,48.83,0.345881,POSSIBLE FAULT
0.708357,0.147998,0.692724,0.479866,2.505567,-1.32086,3.826427,3.123052,3.537154,48.83,0.368674,POSSIBLE FAULT
0.649668,0.095042,0.642679,0.413036,2.198563,-1.279076,3.477639,2.710927,3.384132,48.83,0.307114,POSSIBLE FAULT
0.647134,0.096735,0.639863,0.409425,2.04232,-1.325085,3.367405,2.650788,3.155947,48.83,0.309321,POSSIBLE FAULT
0.656133,0.10538,0.647616,0.419406,2.229036,-1.318873,3.547909,2.864242,3.397229,48.83,0.319875,POSSIBLE FAULT
0.675999,0.120411,0.665189,0.442476,2.328731,-1.350534,3.679265,2.900573,3.444873,48.83,0.33517,POSSIBLE FAULT
0.623835,0.080797,0.618581,0.382642,2.123375,-1.398187,3.521562,2.566962,3.403743,48.83,0.286727,POSSIBLE FAULT
0.690194,0.118628,0.679923,0.462296,2.594848,-1.385307,3.980155,3.190588,3.75959,48.83,0.345062,POSSIBLE FAULT
0.65225,0.099785,0.644572,0.415473,2.24807,-1.308189,3.556259,2.833787,3.446639,48.83,0.327328,POSSIBLE FAULT
0.635096,0.092454,0.62833,0.394799,2.037777,-1.28936,3.327138,2.68805,3.208614,48.83,0.303853,POSSIBLE FAULT
0.674789,0.125608,0.662995,0.439562,2.274967,-1.273232,3.5482,2.93912,3.371377,48.83,0.321664,POSSIBLE FAULT
0.690719,0.138931,0.676602,0.45779,2.383648,-1.322462,3.70611,2.901883,3.450969,48.83,0.353628,POSSIBLE FAULT
0.651671,0.106553,0.642901,0.413322,2.127448,-1.31444,3.441888,2.612036,3.264601,48.83,0.317625,POSSIBLE FAULT
0.669095,0.116855,0.658812,0.434034,2.301845,-1.382378,3.684222,2.88542,3.440234,48.83,0.323997,POSSIBLE FAULT
0.736687,0.158667,0.719397,0.517532,2.533689,-1.287614,3.821302,3.324358,3.439303,48.83,0.403706,POSSIBLE FAULT
0.64137,0.096265,0.634105,0.402089,2.111297,-1.272172,3.38347,2.740494,3.291853,48.83,0.295624,POSSIBLE FAULT
0.669086,0.121284,0.658002,0.432966,2.384148,-1.322186,3.706334,3.021094,3.563292,48.83,0.328873,POSSIBLE FAULT
0.648879,0.112733,0.639011,0.408335,2.097382,-1.309649,3.407032,2.737272,3.232316,48.83,0.316381,POSSIBLE FAULT
0.65258,0.100148,0.64485,0.415832,2.277606,-1.313918,3.591524,2.920423,3.490154,48.83,0.309289,POSSIBLE FAULT
0.721669,0.144866,0.70698,0.499821,2.494026,-1.302258,3.796284,3.11357,3.455911,48.83,0.354576,POSSIBLE FAULT
0.701851,0.125191,0.690595,0.476922,2.710916,-1.355413,4.06633,3.34826,3.862525,48.83,0.35611,POSSIBLE FAULT
0.66698,0.10855,0.658087,0.433079,2.307156,-1.409983,3.717139,2.892933,3.459108,48.83,0.335341,POSSIBLE FAULT
0.625084,0.089308,0.618671,0.382754,2.130579,-1.290978,3.421557,2.626923,3.40847,48.83,0.279653,POSSIBLE FAULT
0.655694,0.101895,0.647729,0.419553,2.246785,-1.271884,3.518669,2.950326,3.426574,48.83,0.317268,POSSIBLE FAULT
0.711542,0.145827,0.696438,0.485026,2.614881,-1.352801,3.967683,3.282838,3.67495,48.83,0.355312,POSSIBLE FAULT
0.636227,0.091028,0.629682,0.396499,2.171253,-1.343451,3.514704,2.585946,3.412699,48.83,0.300585,POSSIBLE FAULT
0.667101,0.117371,0.656695,0.431248,2.27849,-1.338409,3.616899,2.890168,3.415508,48.83,0.332234,POSSIBLE FAULT
0.672382,0.118091,0.661931,0.438152,2.449601,-1.359177,3.808779,2.874376,3.643167,48.83,0.332807,POSSIBLE FAULT
0.65153,0.111657,0.641891,0.412024,2.218833,-1.302192,3.521025,2.734674,3.405574,48.83,0.316167,POSSIBLE FAULT
0.665494,0.116125,0.655284,0.429397,2.256739,-1.29618,3.552919,2.761596,3.391074,48.83,0.332175,POSSIBLE FAULT
0.657808,0.100359,0.650107,0.422639,2.2931,-1.314494,3.607593,2.904245,3.485973,48.83,0.324666,POSSIBLE FAULT
0.622844,0.088126,0.616578,0.380169,2.158543,-1.294363,3.452905,2.612661,3.465622,48.83,0.29295,POSSIBLE FAULT
0.707104,0.131683,0.694734,0.482655,2.536304,-1.343654,3.879958,3.031791,3.586892,48.83,0.363599,POSSIBLE FAULT
0.677453,0.123529,0.666096,0.443684,2.226424,-1.319731,3.546155,2.943466,3.286462,48.83,0.326199,POSSIBLE FAULT
0.695814,0.127388,0.684054,0.467929,2.450432,-1.326433,3.776865,3.127454,3.521676,48.83,0.360776,POSSIBLE FAULT
0.729062,0.143919,0.714716,0.510819,2.602573,-1.334488,3.937062,3.441673,3.569754,48.83,0.383588,POSSIBLE FAULT
0.644261,0.105169,0.635619,0.404012,2.354686,-1.423329,3.778016,2.681811,3.654863,48.83,0.311289,POSSIBLE FAULT
0.638271,0.095148,0.631139,0.398336,2.043351,-1.414827,3.458178,2.639192,3.201387,48.83,0.298318,POSSIBLE FAULT
0.70607,0.128621,0.694256,0.481992,2.468375,-1.294681,3.763055,3.039502,3.495935,48.83,0.354192,POSSIBLE FAULT
0.676021,0.110009,0.66701,0.444902,2.390969,-1.48589,3.876859,3.05824,3.536828,48.83,0.34925,POSSIBLE FAULT
0.631748,0.095222,0.62453,0.390038,2.130875,-1.321087,3.451961,2.728063,3.372983,48.83,0.298453,POSSIBLE FAULT
0.653008,0.113225,0.643117,0.413599,2.091758,-1.346652,3.438411,2.718835,3.203267,48.83,0.311867,POSSIBLE FAULT
0.637884,0.087208,0.631894,0.39929,2.101508,-1.340312,3.44182,2.721158,3.294501,48.83,0.297786,POSSIBLE FAULT
0.689513,0.133383,0.676489,0.457637,2.459565,-1.405772,3.865338,3.040568,3.567105,48.83,0.347879,POSSIBLE FAULT
0.659318,0.114903,0.649229,0.421498,2.211558,-1.28827,3.499828,2.806218,3.35431,48.83,0.323,POSSIBLE FAULT
0.634939,0.095636,0.627696,0.394002,2.148377,-1.301944,3.45032,2.63334,3.383593,48.83,0.299891,POSSIBLE FAULT
0.619242,0.092954,0.612226,0.374821,2.187481,-1.284263,3.471744,2.624557,3.532513,48.83,0.283317,POSSIBLE FAULT
0.704081,0.137122,0.6906,0.476928,2.496045,-1.277211,3.773256,3.142254,3.545109,48.83,0.362111,POSSIBLE FAULT
0.651105,0.100882,0.643242,0.41376,2.23183,-1.223924,3.455754,2.791811,3.427759,48.83,0.312112,POSSIBLE FAULT
0.717942,0.143555,0.703443,0.494832,2.623563,-1.350327,3.97389,3.137152,3.654283,48.83,0.374608,POSSIBLE FAULT
0.713625,0.149214,0.697851,0.486996,2.60208,-1.333935,3.936015,3.315965,3.646284,48.83,0.373528,POSSIBLE FAULT
0.637805,0.091988,0.631136,0.398333,2.114886,-1.364009,3.478895,2.615563,3.315883,48.83,0.300511,POSSIBLE FAULT
0.650692,0.099008,0.643115,0.413597,2.148741,-1.389956,3.538697,2.676353,3.302241,48.83,0.3091,POSSIBLE FAULT
0.691819,0.119049,0.681499,0.464441,2.456067,-1.286185,3.742251,2.92132,3.550156,48.83,0.345407,POSSIBLE FAULT
0.640291,0.100077,0.632421,0.399957,2.179796,-1.342023,3.521819,2.647876,3.404385,48.83,0.292875,POSSIBLE FAULT
0.702554,0.129874,0.690445,0.476714,2.565411,-1.408377,3.973788,3.265488,3.651551,48.83,0.357277,POSSIBLE FAULT
0.668812,0.109046,0.659863,0.435419,2.292131,-1.320844,3.612975,2.989183,3.427167,48.83,0.330105,POSSIBLE FAULT
0.639624,0.093724,0.63272,0.400334,2.266535,-1.392018,3.658554,2.836138,3.543544,48.83,0.307697,POSSIBLE FAULT
0.64762,0.101202,0.639663,0.409169,2.224474,-1.248114,3.472588,2.734094,3.434847,48.83,0.306712,POSSIBLE FAULT
0.697683,0.141618,0.683159,0.466706,2.496693,-1.357813,3.854506,3.18427,3.578551,48.83,0.359931,POSSIBLE FAULT
0.666934,0.113348,0.657232,0.431953,2.326345,-1.30146,3.627805,2.824059,3.488119,48.83,0.319033,POSSIBLE FAULT
0.630885,0.090296,0.62439,0.389863,2.172925,-1.267294,3.440219,2.762358,3.444247,48.83,0.293763,POSSIBLE FAULT
0.635027,0.095313,0.627833,0.394175,2.109359,-1.329726,3.439085,2.581102,3.321684,48.83,0.287714,POSSIBLE FAULT
0.627744,0.082071,0.622356,0.387327,2.100218,-1.337291,3.437509,2.623442,3.345661,48.83,0.292902,POSSIBLE FAULT
0.661029,0.107776,0.652184,0.425344,2.23172,-1.386098,3.617818,2.79176,3.376127,48.83,0.315012,POSSIBLE FAULT
0.677908,0.12696,0.665914,0.443441,2.419699,-1.372862,3.792561,3.179164,3.569359,48.83,0.331593,POSSIBLE FAULT
0.665555,0.129975,0.652741,0.42607,2.337352,-1.269273,3.606625,2.891089,3.511882,48.83,0.310996,POSSIBLE FAULT
0.682112,0.132178,0.669183,0.447806,2.362455,-1.396735,3.75919,2.917211,3.463442,48.83,0.333439,POSSIBLE FAULT
0.660762,0.109833,0.65157,0.424543,2.451509,-1.313195,3.764704,2.924884,3.710124,48.83,0.319143,POSSIBLE FAULT
0.639688,0.099932,0.631834,0.399214,2.108988,-1.400095,3.509083,2.561323,3.296901,48.83,0.304296,POSSIBLE FAULT
0.656968,0.107727,0.648076,0.420002,2.103322,-1.303087,3.406409,2.767664,3.201558,48.83,0.309873,POSSIBLE FAULT
0.679108,0.117929,0.66879,0.44728,2.607504,-1.403406,4.01091,3.387174,3.839603,48.83,0.341426,POSSIBLE FAULT
0.642193,0.092957,0.63543,0.403771,2.242577,-1.351476,3.594053,2.829653,3.492059,48.83,0.299671,POSSIBLE FAULT
0.662456,0.123201,0.650899,0.423669,2.361734,-1.266904,3.628639,2.957748,3.565119,48.83,0.319971,POSSIBLE FAULT
0.727373,0.147233,0.712316,0.507395,2.600685,-1.293026,3.893711,3.214008,3.575446,48.83,0.38762,POSSIBLE FAULT
0.660657,0.099709,0.65309,0.426526,2.099406,-1.29439,3.393796,2.685764,3.177754,48.83,0.325513,POSSIBLE FAULT
0.635012,0.103445,0.62653,0.39254,2.34527,-1.298521,3.64379,2.68897,3.693267,48.83,0.297614,POSSIBLE FAULT
0.66503,0.113242,0.655318,0.429441,2.356885,-1.346415,3.703299,3.033574,3.544028,48.83,0.32578,POSSIBLE FAULT
0.649572,0.105835,0.640892,0.410743,2.129179,-1.478616,3.607795,2.683495,3.277818,48.83,0.31729,POSSIBLE FAULT
0.686581,0.129195,0.674316,0.454702,2.490099,-1.258543,3.748642,2.956781,3.626811,48.83,0.360817,POSSIBLE FAULT
0.697959,0.13324,0.685123,0.469394,2.674802,-1.318877,3.993679,3.342146,3.832322,48.83,0.342333,POSSIBLE FAULT
0.63716,0.096089,0.629873,0.39674,2.053613,-1.343741,3.397354,2.596945,3.22307,48.83,0.304656,POSSIBLE FAULT
0.625005,0.082262,0.619568,0.383864,2.154217,-1.380138,3.534355,2.690301,3.44672,48.83,0.292052,POSSIBLE FAULT
0.669995,0.117793,0.659559,0.435019,2.396798,-1.313782,3.71058,2.904888,3.577335,48.83,0.325843,POSSIBLE FAULT
0.684094,0.115649,0.674248,0.45461,2.392922,-1.281425,3.674347,3.21988,3.497943,48.83,0.339247,POSSIBLE FAULT
0.616044,0.084358,0.61024,0.372393,1.979799,-1.390773,3.370572,2.593662,3.213732,48.83,0.289735,POSSIBLE FAULT
0.654419,0.106625,0.645674,0.416895,2.154535,-1.315434,3.469969,2.847902,3.292287,48.83,0.321427,POSSIBLE FAULT
0.678594,0.125508,0.666886,0.444737,2.478058,-1.283621,3.761678,3.044277,3.651756,48.83,0.32846,POSSIBLE FAULT
0.630449,0.091746,0.623738,0.389049,1.952123,-1.3887,3.340824,2.543489,3.096401,48.83,0.303463,POSSIBLE FAULT
0.65521,0.109404,0.646011,0.417331,2.235271,-1.251116,3.486387,2.76044,3.411535,48.83,0.325238,POSSIBLE FAULT
0.702721,0.142981,0.688021,0.473373,2.633658,-1.397857,4.031515,3.256571,3.747801,48.83,0.365783,POSSIBLE FAULT
0.682587,0.127994,0.67048,0.449543,2.33418,-1.29112,3.6253,3.046657,3.419606,48.83,0.354633,POSSIBLE FAULT
0.652938,0.113876,0.642931,0.41336,2.100183,-1.307896,3.408079,2.620576,3.216513,48.83,0.316693,POSSIBLE FAULT
0.67718,0.120634,0.666348,0.44402,2.510283,-1.336477,3.84676,3.063407,3.706967,48.83,0.327073,POSSIBLE FAULT
0.671002,0.104099,0.662878,0.439407,2.325652,-1.347666,3.673318,2.897287,3.46594,48.83,0.34056,POSSIBLE FAULT
0.686907,0.132589,0.673989,0.454261,2.323605,-1.349974,3.673579,2.935086,3.382707,48.83,0.322437,POSSIBLE FAULT
0.660018,0.114346,0.650037,0.422548,2.38237,-1.373293,3.755662,2.988364,3.609555,48.83,0.31776,POSSIBLE FAULT
0.632096,0.085442,0.626294,0.392245,2.030105,-1.262784,3.292889,2.61258,3.211705,48.83,0.291955,POSSIBLE FAULT
0.660767,0.114736,0.650729,0.423448,2.182009,-1.335011,3.51702,2.935014,3.302237,48.83,0.319337,POSSIBLE FAULT
0.688752,0.126278,0.677077,0.458433,2.345167,-1.360517,3.705685,2.872869,3.404952,48.83,0.330768,POSSIBLE FAULT
0.652645,0.106158,0.643954,0.414677,2.19921,-1.283309,3.482518,2.975675,3.369685,48.83,0.316763,POSSIBLE FAULT
0.682944,0.126542,0.671118,0.4504,2.452396,-1.32543,3.777826,3.017782,3.590916,48.83,0.337377,POSSIBLE FAULT
0.678294,0.127734,0.666158,0.443767,2.331488,-1.309438,3.640927,3.032582,3.437283,48.83,0.33706,POSSIBLE FAULT
0.698997,0.127256,0.687316,0.472403,2.480256,-1.495408,3.975664,3.111002,3.548306,48.83,0.330549,POSSIBLE FAULT
0.622687,0.083234,0.617099,0.380811,2.054934,-1.351315,3.406248,2.65351,3.300107,48.83,0.291025,POSSIBLE FAULT
0.644766,0.098339,0.637223,0.406053,2.063405,-1.379887,3.443292,2.700616,3.200236,48.83,0.307369,POSSIBLE FAULT
